HOJIN_NO,POST_MONTH,POSTING_CNT
1180301018771,2024-07-01,93
1180301018771,2024-08-01,91
1180301018771,2024-09-01,97
1180301018771,2024-10-01,97
1180301018771,2024-11-01,89
1180301018771,2024-12-01,98
1180301018771,2025-01-01,90
1180301018771,2025-02-01,84
1180301018771,2025-03-01,92
1180301018771,2025-04-01,89
1180301018771,2025-05-01,86
1180301018771,2025-06-01,78
1180301018771,2025-07-01,82
1180301018771,2025-08-01,80
1180301018771,2025-09-01,83
1180301018771,2025-10-01,94
1180301018771,2025-11-01,80
1180301018771,2025-12-01,89
1180301018771,2026-01-01,86
1180301018771,2026-02-01,88
1180301018771,2026-03-01,102
1180301018771,2026-04-01,97
1180301018771,2026-05-01,96
1180301018771,2026-06-01,85
1180301018771,2026-07-01,84
1180301018771,2026-08-01,77
1180301018771,2026-09-01,102
5120001158218,2024-07-01,77
5120001158218,2024-08-01,85
5120001158218,2024-09-01,82
5120001158218,2024-10-01,70
5120001158218,2024-11-01,87
5120001158218,2024-12-01,71
5120001158218,2025-01-01,77
5120001158218,2025-02-01,84
5120001158218,2025-03-01,75
5120001158218,2025-04-01,70
5120001158218,2025-05-01,71
5120001158218,2025-06-01,76
5120001158218,2025-07-01,86
5120001158218,2025-08-01,90
5120001158218,2025-09-01,87
5120001158218,2025-10-01,79
5120001158218,2025-11-01,85
5120001158218,2025-12-01,88
5120001158218,2026-01-01,82
5120001158218,2026-02-01,70
5120001158218,2026-03-01,78
5120001158218,2026-04-01,89
5120001158218,2026-05-01,86
5120001158218,2026-06-01,83
5120001158218,2026-07-01,77
5120001158218,2026-08-01,76
5120001158218,2026-09-01,67
4120001077474,2024-07-01,54
4120001077474,2024-08-01,58
4120001077474,2024-09-01,51
4120001077474,2024-10-01,56
4120001077474,2024-11-01,58
4120001077474,2024-12-01,58
4120001077474,2025-01-01,57
4120001077474,2025-02-01,57
4120001077474,2025-03-01,49
4120001077474,2025-04-01,62
4120001077474,2025-05-01,61
4120001077474,2025-06-01,53
4120001077474,2025-07-01,51
4120001077474,2025-08-01,48
4120001077474,2025-09-01,61
4120001077474,2025-10-01,57
4120001077474,2025-11-01,54
4120001077474,2025-12-01,49
4120001077474,2026-01-01,47
4120001077474,2026-02-01,56
4120001077474,2026-03-01,50
4120001077474,2026-04-01,51
4120001077474,2026-05-01,63
4120001077474,2026-06-01,47
4120001077474,2026-07-01,53
4120001077474,2026-08-01,62
4120001077474,2026-09-01,49
9010601021385,2024-07-01,205
9010601021385,2024-08-01,218
9010601021385,2024-09-01,246
9010601021385,2024-10-01,242
9010601021385,2024-11-01,223
9010601021385,2024-12-01,244
9010601021385,2025-01-01,242
9010601021385,2025-02-01,225
9010601021385,2025-03-01,205
9010601021385,2025-04-01,262
9010601021385,2025-05-01,255
9010601021385,2025-06-01,218
9010601021385,2025-07-01,267
9010601021385,2025-08-01,211
9010601021385,2025-09-01,270
9010601021385,2025-10-01,217
9010601021385,2025-11-01,221
9010601021385,2025-12-01,264
9010601021385,2026-01-01,253
9010601021385,2026-02-01,253
9010601021385,2026-03-01,261
9010601021385,2026-04-01,268
9010601021385,2026-05-01,203
9010601021385,2026-06-01,262
9010601021385,2026-07-01,533
9010601021385,2026-08-01,383
9010601021385,2026-09-01,477
1010001009052,2024-07-01,32
1010001009052,2024-08-01,34
1010001009052,2024-09-01,36
1010001009052,2024-10-01,27
1010001009052,2024-11-01,35
1010001009052,2024-12-01,35
1010001009052,2025-01-01,32
1010001009052,2025-02-01,35
1010001009052,2025-03-01,30
1010001009052,2025-04-01,32
1010001009052,2025-05-01,30
1010001009052,2025-06-01,27
1010001009052,2025-07-01,33
1010001009052,2025-08-01,31
1010001009052,2025-09-01,34
1010001009052,2025-10-01,36
1010001009052,2025-11-01,30
1010001009052,2025-12-01,35
1010001009052,2026-01-01,28
1010001009052,2026-02-01,28
1010001009052,2026-03-01,34
1010001009052,2026-04-01,36
1010001009052,2026-05-01,34
1010001009052,2026-06-01,29
1010001009052,2026-07-01,34
1010001009052,2026-08-01,32
1010001009052,2026-09-01,28
4010001168312,2024-07-01,6
4010001168312,2024-08-01,5
4010001168312,2024-09-01,5
4010001168312,2024-10-01,6
4010001168312,2024-11-01,6
4010001168312,2024-12-01,6
4010001168312,2025-01-01,6
4010001168312,2025-02-01,6
4010001168312,2025-03-01,6
4010001168312,2025-04-01,6
4010001168312,2025-05-01,5
4010001168312,2025-06-01,6
4010001168312,2025-07-01,5
4010001168312,2025-08-01,5
4010001168312,2025-09-01,5
4010001168312,2025-10-01,5
4010001168312,2025-11-01,5
4010001168312,2025-12-01,5
4010001168312,2026-01-01,5
4010001168312,2026-02-01,6
4010001168312,2026-03-01,5
4010001168312,2026-04-01,5
4010001168312,2026-05-01,5
4010001168312,2026-06-01,5
4010001168312,2026-07-01,5
4010001168312,2026-08-01,6
4010001168312,2026-09-01,5
5040001003865,2024-07-01,411
5040001003865,2024-08-01,336
5040001003865,2024-09-01,325
5040001003865,2024-10-01,339
5040001003865,2024-11-01,414
5040001003865,2024-12-01,422
5040001003865,2025-01-01,413
5040001003865,2025-02-01,405
5040001003865,2025-03-01,356
5040001003865,2025-04-01,381
5040001003865,2025-05-01,401
5040001003865,2025-06-01,391
5040001003865,2025-07-01,435
5040001003865,2025-08-01,344
5040001003865,2025-09-01,351
5040001003865,2025-10-01,424
5040001003865,2025-11-01,398
5040001003865,2025-12-01,371
5040001003865,2026-01-01,421
5040001003865,2026-02-01,370
5040001003865,2026-03-01,426
5040001003865,2026-04-01,336
5040001003865,2026-05-01,387
5040001003865,2026-06-01,347
5040001003865,2026-07-01,340
5040001003865,2026-08-01,353
5040001003865,2026-09-01,431
3010001008782,2024-07-01,59
3010001008782,2024-08-01,58
3010001008782,2024-09-01,64
3010001008782,2024-10-01,51
3010001008782,2024-11-01,67
3010001008782,2024-12-01,60
3010001008782,2025-01-01,51
3010001008782,2025-02-01,67
3010001008782,2025-03-01,64
3010001008782,2025-04-01,53
3010001008782,2025-05-01,53
3010001008782,2025-06-01,57
3010001008782,2025-07-01,60
3010001008782,2025-08-01,65
3010001008782,2025-09-01,52
3010001008782,2025-10-01,56
3010001008782,2025-11-01,63
3010001008782,2025-12-01,56
3010001008782,2026-01-01,68
3010001008782,2026-02-01,54
3010001008782,2026-03-01,57
3010001008782,2026-04-01,65
3010001008782,2026-05-01,54
3010001008782,2026-06-01,61
3010001008782,2026-07-01,63
3010001008782,2026-08-01,52
3010001008782,2026-09-01,53
6010401005040,2024-07-01,25
6010401005040,2024-08-01,27
6010401005040,2024-09-01,27
6010401005040,2024-10-01,28
6010401005040,2024-11-01,25
6010401005040,2024-12-01,25
6010401005040,2025-01-01,26
6010401005040,2025-02-01,26
6010401005040,2025-03-01,30
6010401005040,2025-04-01,24
6010401005040,2025-05-01,24
6010401005040,2025-06-01,30
6010401005040,2025-07-01,25
6010401005040,2025-08-01,24
6010401005040,2025-09-01,23
6010401005040,2025-10-01,30
6010401005040,2025-11-01,24
6010401005040,2025-12-01,24
6010401005040,2026-01-01,23
6010401005040,2026-02-01,23
6010401005040,2026-03-01,25
6010401005040,2026-04-01,30
6010401005040,2026-05-01,24
6010401005040,2026-06-01,24
6010401005040,2026-07-01,28
6010401005040,2026-08-01,30
6010401005040,2026-09-01,28
4010001034784,2024-07-01,38
4010001034784,2024-08-01,39
4010001034784,2024-09-01,46
4010001034784,2024-10-01,49
4010001034784,2024-11-01,44
4010001034784,2024-12-01,46
4010001034784,2025-01-01,43
4010001034784,2025-02-01,48
4010001034784,2025-03-01,46
4010001034784,2025-04-01,38
4010001034784,2025-05-01,40
4010001034784,2025-06-01,51
4010001034784,2025-07-01,44
4010001034784,2025-08-01,43
4010001034784,2025-09-01,46
4010001034784,2025-10-01,44
4010001034784,2025-11-01,51
4010001034784,2025-12-01,44
4010001034784,2026-01-01,42
4010001034784,2026-02-01,40
4010001034784,2026-03-01,44
4010001034784,2026-04-01,50
4010001034784,2026-05-01,40
4010001034784,2026-06-01,46
4010001034784,2026-07-01,48
4010001034784,2026-08-01,40
4010001034784,2026-09-01,51
1120001077461,2024-07-01,18
1120001077461,2024-08-01,15
1120001077461,2024-09-01,18
1120001077461,2024-10-01,15
1120001077461,2024-11-01,16
1120001077461,2024-12-01,17
1120001077461,2025-01-01,15
1120001077461,2025-02-01,16
1120001077461,2025-03-01,18
1120001077461,2025-04-01,19
1120001077461,2025-05-01,15
1120001077461,2025-06-01,15
1120001077461,2025-07-01,15
1120001077461,2025-08-01,16
1120001077461,2025-09-01,16
1120001077461,2025-10-01,15
1120001077461,2025-11-01,18
1120001077461,2025-12-01,16
1120001077461,2026-01-01,19
1120001077461,2026-02-01,14
1120001077461,2026-03-01,17
1120001077461,2026-04-01,16
1120001077461,2026-05-01,14
1120001077461,2026-06-01,17
1120001077461,2026-07-01,17
1120001077461,2026-08-01,18
1120001077461,2026-09-01,16
1010401025536,2024-07-01,58
1010401025536,2024-08-01,59
1010401025536,2024-09-01,58
1010401025536,2024-10-01,58
1010401025536,2024-11-01,52
1010401025536,2024-12-01,59
1010401025536,2025-01-01,59
1010401025536,2025-02-01,48
1010401025536,2025-03-01,62
1010401025536,2025-04-01,60
1010401025536,2025-05-01,49
1010401025536,2025-06-01,62
1010401025536,2025-07-01,59
1010401025536,2025-08-01,50
1010401025536,2025-09-01,61
1010401025536,2025-10-01,50
1010401025536,2025-11-01,54
1010401025536,2025-12-01,51
1010401025536,2026-01-01,59
1010401025536,2026-02-01,58
1010401025536,2026-03-01,50
1010401025536,2026-04-01,55
1010401025536,2026-05-01,55
1010401025536,2026-06-01,50
1010401025536,2026-07-01,62
1010401025536,2026-08-01,51
1010401025536,2026-09-01,49
2010001109769,2024-07-01,147
2010001109769,2024-08-01,144
2010001109769,2024-09-01,148
2010001109769,2024-10-01,184
2010001109769,2024-11-01,166
2010001109769,2024-12-01,160
2010001109769,2025-01-01,156
2010001109769,2025-02-01,169
2010001109769,2025-03-01,178
2010001109769,2025-04-01,184
2010001109769,2025-05-01,146
2010001109769,2025-06-01,144
2010001109769,2025-07-01,180
2010001109769,2025-08-01,179
2010001109769,2025-09-01,142
2010001109769,2025-10-01,181
2010001109769,2025-11-01,186
2010001109769,2025-12-01,142
2010001109769,2026-01-01,150
2010001109769,2026-02-01,159
2010001109769,2026-03-01,164
2010001109769,2026-04-01,146
2010001109769,2026-05-01,162
2010001109769,2026-06-01,147
2010001109769,2026-07-01,143
2010001109769,2026-08-01,163
2010001109769,2026-09-01,164
9011101031552,2024-07-01,61
9011101031552,2024-08-01,66
9011101031552,2024-09-01,62
9011101031552,2024-10-01,60
9011101031552,2024-11-01,64
9011101031552,2024-12-01,63
9011101031552,2025-01-01,56
9011101031552,2025-02-01,60
9011101031552,2025-03-01,59
9011101031552,2025-04-01,58
9011101031552,2025-05-01,67
9011101031552,2025-06-01,55
9011101031552,2025-07-01,63
9011101031552,2025-08-01,65
9011101031552,2025-09-01,66
9011101031552,2025-10-01,68
9011101031552,2025-11-01,63
9011101031552,2025-12-01,55
9011101031552,2026-01-01,60
9011101031552,2026-02-01,52
9011101031552,2026-03-01,60
9011101031552,2026-04-01,56
9011101031552,2026-05-01,54
9011101031552,2026-06-01,68
9011101031552,2026-07-01,147
9011101031552,2026-08-01,119
9011101031552,2026-09-01,95
3010001008848,2024-07-01,12
3010001008848,2024-08-01,10
3010001008848,2024-09-01,10
3010001008848,2024-10-01,13
3010001008848,2024-11-01,11
3010001008848,2024-12-01,12
3010001008848,2025-01-01,12
3010001008848,2025-02-01,13
3010001008848,2025-03-01,12
3010001008848,2025-04-01,11
3010001008848,2025-05-01,10
3010001008848,2025-06-01,12
3010001008848,2025-07-01,13
3010001008848,2025-08-01,10
3010001008848,2025-09-01,11
3010001008848,2025-10-01,13
3010001008848,2025-11-01,11
3010001008848,2025-12-01,11
3010001008848,2026-01-01,10
3010001008848,2026-02-01,11
3010001008848,2026-03-01,11
3010001008848,2026-04-01,12
3010001008848,2026-05-01,13
3010001008848,2026-06-01,12
3010001008848,2026-07-01,13
3010001008848,2026-08-01,12
3010001008848,2026-09-01,10
4010001008772,2024-07-01,71
4010001008772,2024-08-01,70
4010001008772,2024-09-01,63
4010001008772,2024-10-01,69
4010001008772,2024-11-01,59
4010001008772,2024-12-01,55
4010001008772,2025-01-01,70
4010001008772,2025-02-01,55
4010001008772,2025-03-01,55
4010001008772,2025-04-01,59
4010001008772,2025-05-01,56
4010001008772,2025-06-01,66
4010001008772,2025-07-01,61
4010001008772,2025-08-01,60
4010001008772,2025-09-01,63
4010001008772,2025-10-01,53
4010001008772,2025-11-01,59
4010001008772,2025-12-01,68
4010001008772,2026-01-01,60
4010001008772,2026-02-01,63
4010001008772,2026-03-01,60
4010001008772,2026-04-01,60
4010001008772,2026-05-01,68
4010001008772,2026-06-01,64
4010001008772,2026-07-01,72
4010001008772,2026-08-01,55
4010001008772,2026-09-01,56
1010001065327,2024-07-01,49
1010001065327,2024-08-01,49
1010001065327,2024-09-01,54
1010001065327,2024-10-01,45
1010001065327,2024-11-01,55
1010001065327,2024-12-01,50
1010001065327,2025-01-01,45
1010001065327,2025-02-01,51
1010001065327,2025-03-01,56
1010001065327,2025-04-01,54
1010001065327,2025-05-01,53
1010001065327,2025-06-01,49
1010001065327,2025-07-01,45
1010001065327,2025-08-01,55
1010001065327,2025-09-01,56
1010001065327,2025-10-01,47
1010001065327,2025-11-01,56
1010001065327,2025-12-01,48
1010001065327,2026-01-01,47
1010001065327,2026-02-01,46
1010001065327,2026-03-01,42
1010001065327,2026-04-01,52
1010001065327,2026-05-01,51
1010001065327,2026-06-01,46
1010001065327,2026-07-01,47
1010001065327,2026-08-01,48
1010001065327,2026-09-01,43
5120001158143,2024-07-01,56
5120001158143,2024-08-01,52
5120001158143,2024-09-01,54
5120001158143,2024-10-01,44
5120001158143,2024-11-01,47
5120001158143,2024-12-01,47
5120001158143,2025-01-01,44
5120001158143,2025-02-01,49
5120001158143,2025-03-01,55
5120001158143,2025-04-01,47
5120001158143,2025-05-01,46
5120001158143,2025-06-01,52
5120001158143,2025-07-01,53
5120001158143,2025-08-01,45
5120001158143,2025-09-01,47
5120001158143,2025-10-01,54
5120001158143,2025-11-01,46
5120001158143,2025-12-01,52
5120001158143,2026-01-01,56
5120001158143,2026-02-01,51
5120001158143,2026-03-01,42
5120001158143,2026-04-01,47
5120001158143,2026-05-01,43
5120001158143,2026-06-01,47
5120001158143,2026-07-01,92
5120001158143,2026-08-01,84
5120001158143,2026-09-01,109
8011001046021,2024-07-01,77
8011001046021,2024-08-01,87
8011001046021,2024-09-01,94
8011001046021,2024-10-01,80
8011001046021,2024-11-01,86
8011001046021,2024-12-01,75
8011001046021,2025-01-01,84
8011001046021,2025-02-01,82
8011001046021,2025-03-01,93
8011001046021,2025-04-01,83
8011001046021,2025-05-01,79
8011001046021,2025-06-01,77
8011001046021,2025-07-01,77
8011001046021,2025-08-01,80
8011001046021,2025-09-01,74
8011001046021,2025-10-01,82
8011001046021,2025-11-01,90
8011001046021,2025-12-01,85
8011001046021,2026-01-01,98
8011001046021,2026-02-01,100
8011001046021,2026-03-01,84
8011001046021,2026-04-01,88
8011001046021,2026-05-01,85
8011001046021,2026-06-01,84
8011001046021,2026-07-01,93
8011001046021,2026-08-01,90
8011001046021,2026-09-01,94
9010001033076,2024-07-01,62
9010001033076,2024-08-01,54
9010001033076,2024-09-01,62
9010001033076,2024-10-01,50
9010001033076,2024-11-01,58
9010001033076,2024-12-01,51
9010001033076,2025-01-01,61
9010001033076,2025-02-01,56
9010001033076,2025-03-01,62
9010001033076,2025-04-01,62
9010001033076,2025-05-01,60
9010001033076,2025-06-01,49
9010001033076,2025-07-01,54
9010001033076,2025-08-01,54
9010001033076,2025-09-01,63
9010001033076,2025-10-01,49
9010001033076,2025-11-01,48
9010001033076,2025-12-01,60
9010001033076,2026-01-01,53
9010001033076,2026-02-01,59
9010001033076,2026-03-01,63
9010001033076,2026-04-01,48
9010001033076,2026-05-01,55
9010001033076,2026-06-01,58
9010001033076,2026-07-01,57
9010001033076,2026-08-01,54
9010001033076,2026-09-01,61
