SEC_CD,FISCAL_YEAR,REVENUE_MJPY,OP_PROFIT_MJPY,EMP_CNT
7203,2023,2128093,127100,72700
7203,2024,2148839,158771,72936
7203,2025,2169787,232519,73173
6752,2023,616656,36909,63400
6752,2024,605058,49947,63002
6752,2025,593679,24238,62607
8001,2023,2234152,222774,44500
8001,2024,2487634,299276,46182
8001,2025,2769876,233633,47929
9613,2023,10168800,674467,190000
9613,2024,10789734,1155442,193867
9613,2025,11448584,645616,197813
8604,2023,940724,102650,26000
8604,2024,983182,119462,26391
8604,2025,1027555,90482,26788
8267,2023,12538519,1590359,306000
8267,2024,13069264,1212480,310317
8267,2025,13622474,814407,314696
8053,2023,2769426,251867,48200
8053,2024,2864121,144363,48749
8053,2025,2962053,164016,49304
1812,2023,986989,53678,21800
1812,2024,1057020,139289,22315
1812,2025,1132020,122782,22843
9101,2023,630500,57690,36000
9101,2024,613521,75667,35676
9101,2025,596999,76163,35356
4502,2023,533581,37281,14000
4502,2024,607551,81720,14646
4502,2025,691776,47047,15323
9202,2023,2336361,149610,44000
9202,2024,2464634,184444,44805
9202,2025,2599950,217462,45625
3382,2023,1988135,236271,130000
3382,2024,2031139,86603,130937
3382,2025,2075074,187973,131881
9433,2023,2173870,209996,48000
9433,2024,2261770,245000,48646
9433,2025,2353223,245443,49302
8802,2023,218100,18827,10000
8802,2024,212347,16175,9912
8802,2025,206745,25250,9824
5401,2023,2107936,128618,51000
5401,2024,2321974,106124,52726
5401,2025,2557745,215983,54510
8316,2023,635135,47713,40000
8316,2024,721597,78465,41815
8316,2025,819828,49165,43712
9020,2023,685482,65639,70000
9020,2024,638611,52559,68404
9020,2025,594945,25129,66845
3407,2023,1571359,179986,45000
3407,2024,1696186,105412,46191
3407,2025,1830930,94876,47414
