NOTE_ID,ACCT_ID,ACCT_NM,OWNER_ID,NOTE_DT,TOPIC,NOTE_TEXT
MN0001,A001,トヨタ自動車(株),U006,2025-04-02,採用強化,"【面談記録】トヨタ自動車(株) / 2025-04-02 / 訪問
テーマ: 採用強化
内容: エンジニア採用を大幅に増やす方針。採用競争力のため、GLTD や団体がん保険など就業不能リスクへの備えを福利厚生に加えたいとの話があった。
先方の反応: 情報収集段階
次回アクション: 次回は人事部長同席で具体的な提案を行う。"
MN0002,A017,三井住友フィナンシャルグループ(株),U003,2025-04-04,採用強化,"【面談記録】三井住友フィナンシャルグループ(株) / 2025-04-04 / オンライン面談
テーマ: 採用強化
内容: エンジニア採用を大幅に増やす方針。採用競争力のため、GLTD や団体がん保険など就業不能リスクへの備えを福利厚生に加えたいとの話があった。
先方の反応: 慎重
次回アクション: 次回は人事部長同席で具体的な提案を行う。"
MN0003,A020,旭化成(株),U004,2025-04-19,健康経営,"【面談記録】旭化成(株) / 2025-04-19 / オンライン面談
テーマ: 健康経営
内容: 健康経営優良法人の認定更新に向けて、ストレスチェック結果の活用方法を知りたいとのこと。Wellness-Star の分析レポートをサンプルで提示した。
先方の反応: 前向き
次回アクション: 先方の社内稟議の日程を確認する。"
MN0004,A019,東日本旅客鉄道(株),U002,2025-04-20,介護離職,"【面談記録】東日本旅客鉄道(株) / 2025-04-20 / オンライン面談
テーマ: 介護離職
内容: 管理職層の介護離職が増えている。両立支援の一環として、介護に関する保障と相談サービスの組み合わせを検討したいとのこと。
先方の反応: 情報収集段階
次回アクション: 次回は人事部長同席で具体的な提案を行う。"
MN0005,A009,鹿島建設(株),U004,2025-04-30,役員保障,"【面談記録】鹿島建設(株) / 2025-04-30 / 訪問
テーマ: 役員保障
内容: 役員の世代交代を控え、役員退職慰労金の財源確保について相談。長期定期保険の解約返戻率の推移を次回提示する約束をした。
先方の反応: 前向き
次回アクション: 他社比較の資料を求められたため準備する。"
MN0006,A017,三井住友フィナンシャルグループ(株),U003,2025-05-03,人的資本開示,"【面談記録】三井住友フィナンシャルグループ(株) / 2025-05-03 / オンライン面談
テーマ: 人的資本開示
内容: 有価証券報告書の人的資本開示で、福利厚生の充実度を定量的に示したいという課題感。団体保険の加入率や GLTD 導入の有無が指標になり得ると説明した。
先方の反応: 情報収集段階
次回アクション: 見積もりを2週間以内に提出する。"
MN0007,A015,三菱地所(株),U004,2025-05-08,DC移行,"【面談記録】三菱地所(株) / 2025-05-08 / オンライン面談
テーマ: DC移行
内容: DB 制度の一部を企業型 DC へ移行する検討が始まっている。移行時の想定利回りと従業員説明会の進め方について質問を受けた。
先方の反応: 慎重
次回アクション: 他社比較の資料を求められたため準備する。"
MN0008,A020,旭化成(株),U004,2025-05-09,健康経営,"【面談記録】旭化成(株) / 2025-05-09 / 訪問
テーマ: 健康経営
内容: 健康経営優良法人の認定更新に向けて、ストレスチェック結果の活用方法を知りたいとのこと。Wellness-Star の分析レポートをサンプルで提示した。
先方の反応: 情報収集段階
次回アクション: 見積もりを2週間以内に提出する。"
MN0009,A013,セブン&アイ・ホールディングス(株),U001,2025-05-10,人的資本開示,"【面談記録】セブン&アイ・ホールディングス(株) / 2025-05-10 / 訪問
テーマ: 人的資本開示
内容: 有価証券報告書の人的資本開示で、福利厚生の充実度を定量的に示したいという課題感。団体保険の加入率や GLTD 導入の有無が指標になり得ると説明した。
先方の反応: 強い関心
次回アクション: 先方の社内稟議の日程を確認する。"
MN0010,A005,野村ホールディングス(株),U002,2025-05-17,役員保障,"【面談記録】野村ホールディングス(株) / 2025-05-17 / 訪問
テーマ: 役員保障
内容: 役員の世代交代を控え、役員退職慰労金の財源確保について相談。長期定期保険の解約返戻率の推移を次回提示する約束をした。
先方の反応: 強い関心
次回アクション: 見積もりを2週間以内に提出する。"
MN0011,A007,イオン(株),U003,2025-05-27,健康経営,"【面談記録】イオン(株) / 2025-05-27 / 訪問
テーマ: 健康経営
内容: 健康経営優良法人の認定更新に向けて、ストレスチェック結果の活用方法を知りたいとのこと。Wellness-Star の分析レポートをサンプルで提示した。
先方の反応: 強い関心
次回アクション: 見積もりを2週間以内に提出する。"
MN0012,A004,NTTデータグループ(株),U003,2025-06-01,役員保障,"【面談記録】NTTデータグループ(株) / 2025-06-01 / 訪問
テーマ: 役員保障
内容: 役員の世代交代を控え、役員退職慰労金の財源確保について相談。長期定期保険の解約返戻率の推移を次回提示する約束をした。
先方の反応: 前向き
次回アクション: 先方の社内稟議の日程を確認する。"
MN0013,A009,鹿島建設(株),U004,2025-06-07,人的資本開示,"【面談記録】鹿島建設(株) / 2025-06-07 / オンライン面談
テーマ: 人的資本開示
内容: 有価証券報告書の人的資本開示で、福利厚生の充実度を定量的に示したいという課題感。団体保険の加入率や GLTD 導入の有無が指標になり得ると説明した。
先方の反応: 慎重
次回アクション: 他社比較の資料を求められたため準備する。"
MN0014,A010,日本郵船(株),U002,2025-06-14,健康経営,"【面談記録】日本郵船(株) / 2025-06-14 / 訪問
テーマ: 健康経営
内容: 健康経営優良法人の認定更新に向けて、ストレスチェック結果の活用方法を知りたいとのこと。Wellness-Star の分析レポートをサンプルで提示した。
先方の反応: 強い関心
次回アクション: 先方の社内稟議の日程を確認する。"
MN0015,A005,野村ホールディングス(株),U002,2025-06-16,役員保障,"【面談記録】野村ホールディングス(株) / 2025-06-16 / 訪問
テーマ: 役員保障
内容: 役員の世代交代を控え、役員退職慰労金の財源確保について相談。長期定期保険の解約返戻率の推移を次回提示する約束をした。
先方の反応: 情報収集段階
次回アクション: 見積もりを2週間以内に提出する。"
MN0016,A009,鹿島建設(株),U004,2025-06-17,役員保障,"【面談記録】鹿島建設(株) / 2025-06-17 / 訪問
テーマ: 役員保障
内容: 役員の世代交代を控え、役員退職慰労金の財源確保について相談。長期定期保険の解約返戻率の推移を次回提示する約束をした。
先方の反応: 慎重
次回アクション: 見積もりを2週間以内に提出する。"
MN0017,A016,日本製鉄(株),U001,2025-06-21,役員保障,"【面談記録】日本製鉄(株) / 2025-06-21 / 訪問
テーマ: 役員保障
内容: 役員の世代交代を控え、役員退職慰労金の財源確保について相談。長期定期保険の解約返戻率の推移を次回提示する約束をした。
先方の反応: 前向き
次回アクション: 見積もりを2週間以内に提出する。"
MN0018,A009,鹿島建設(株),U004,2025-06-22,DC移行,"【面談記録】鹿島建設(株) / 2025-06-22 / 訪問
テーマ: DC移行
内容: DB 制度の一部を企業型 DC へ移行する検討が始まっている。移行時の想定利回りと従業員説明会の進め方について質問を受けた。
先方の反応: 情報収集段階
次回アクション: 先方の社内稟議の日程を確認する。"
MN0019,A015,三菱地所(株),U004,2025-06-23,採用強化,"【面談記録】三菱地所(株) / 2025-06-23 / オンライン面談
テーマ: 採用強化
内容: エンジニア採用を大幅に増やす方針。採用競争力のため、GLTD や団体がん保険など就業不能リスクへの備えを福利厚生に加えたいとの話があった。
先方の反応: 強い関心
次回アクション: 見積もりを2週間以内に提出する。"
MN0020,A008,住友商事(株),U001,2025-06-29,介護離職,"【面談記録】住友商事(株) / 2025-06-29 / 訪問
テーマ: 介護離職
内容: 管理職層の介護離職が増えている。両立支援の一環として、介護に関する保障と相談サービスの組み合わせを検討したいとのこと。
先方の反応: 前向き
次回アクション: 他社比較の資料を求められたため準備する。"
MN0021,A009,鹿島建設(株),U004,2025-07-01,DC移行,"【面談記録】鹿島建設(株) / 2025-07-01 / オンライン面談
テーマ: DC移行
内容: DB 制度の一部を企業型 DC へ移行する検討が始まっている。移行時の想定利回りと従業員説明会の進め方について質問を受けた。
先方の反応: 情報収集段階
次回アクション: 先方の社内稟議の日程を確認する。"
MN0022,A002,パナソニック ホールディングス(株),U005,2025-07-01,採用強化,"【面談記録】パナソニック ホールディングス(株) / 2025-07-01 / オンライン面談
テーマ: 採用強化
内容: エンジニア採用を大幅に増やす方針。採用競争力のため、GLTD や団体がん保険など就業不能リスクへの備えを福利厚生に加えたいとの話があった。
先方の反応: 慎重
次回アクション: 先方の社内稟議の日程を確認する。"
MN0023,A020,旭化成(株),U004,2025-07-02,DC移行,"【面談記録】旭化成(株) / 2025-07-02 / オンライン面談
テーマ: DC移行
内容: DB 制度の一部を企業型 DC へ移行する検討が始まっている。移行時の想定利回りと従業員説明会の進め方について質問を受けた。
先方の反応: 情報収集段階
次回アクション: 次回は人事部長同席で具体的な提案を行う。"
MN0024,A010,日本郵船(株),U002,2025-07-02,介護離職,"【面談記録】日本郵船(株) / 2025-07-02 / 訪問
テーマ: 介護離職
内容: 管理職層の介護離職が増えている。両立支援の一環として、介護に関する保障と相談サービスの組み合わせを検討したいとのこと。
先方の反応: 情報収集段階
次回アクション: 見積もりを2週間以内に提出する。"
MN0025,A001,トヨタ自動車(株),U006,2025-07-24,採用強化,"【面談記録】トヨタ自動車(株) / 2025-07-24 / 訪問
テーマ: 採用強化
内容: エンジニア採用を大幅に増やす方針。採用競争力のため、GLTD や団体がん保険など就業不能リスクへの備えを福利厚生に加えたいとの話があった。
先方の反応: 慎重
次回アクション: 先方の社内稟議の日程を確認する。"
MN0026,A016,日本製鉄(株),U001,2025-07-25,介護離職,"【面談記録】日本製鉄(株) / 2025-07-25 / 訪問
テーマ: 介護離職
内容: 管理職層の介護離職が増えている。両立支援の一環として、介護に関する保障と相談サービスの組み合わせを検討したいとのこと。
先方の反応: 慎重
次回アクション: 次回は人事部長同席で具体的な提案を行う。"
MN0027,A017,三井住友フィナンシャルグループ(株),U003,2025-07-25,役員保障,"【面談記録】三井住友フィナンシャルグループ(株) / 2025-07-25 / 訪問
テーマ: 役員保障
内容: 役員の世代交代を控え、役員退職慰労金の財源確保について相談。長期定期保険の解約返戻率の推移を次回提示する約束をした。
先方の反応: 強い関心
次回アクション: 先方の社内稟議の日程を確認する。"
MN0028,A012,ANAホールディングス(株),U003,2025-07-26,DC移行,"【面談記録】ANAホールディングス(株) / 2025-07-26 / オンライン面談
テーマ: DC移行
内容: DB 制度の一部を企業型 DC へ移行する検討が始まっている。移行時の想定利回りと従業員説明会の進め方について質問を受けた。
先方の反応: 情報収集段階
次回アクション: 次回は人事部長同席で具体的な提案を行う。"
MN0029,A011,武田薬品工業(株),U005,2025-08-03,人的資本開示,"【面談記録】武田薬品工業(株) / 2025-08-03 / オンライン面談
テーマ: 人的資本開示
内容: 有価証券報告書の人的資本開示で、福利厚生の充実度を定量的に示したいという課題感。団体保険の加入率や GLTD 導入の有無が指標になり得ると説明した。
先方の反応: 強い関心
次回アクション: 見積もりを2週間以内に提出する。"
MN0030,A016,日本製鉄(株),U001,2025-08-13,DC移行,"【面談記録】日本製鉄(株) / 2025-08-13 / 訪問
テーマ: DC移行
内容: DB 制度の一部を企業型 DC へ移行する検討が始まっている。移行時の想定利回りと従業員説明会の進め方について質問を受けた。
先方の反応: 強い関心
次回アクション: 見積もりを2週間以内に提出する。"
MN0031,A014,KDDI(株),U002,2025-08-22,介護離職,"【面談記録】KDDI(株) / 2025-08-22 / 訪問
テーマ: 介護離職
内容: 管理職層の介護離職が増えている。両立支援の一環として、介護に関する保障と相談サービスの組み合わせを検討したいとのこと。
先方の反応: 情報収集段階
次回アクション: 先方の社内稟議の日程を確認する。"
MN0032,A005,野村ホールディングス(株),U002,2025-08-23,役員保障,"【面談記録】野村ホールディングス(株) / 2025-08-23 / 訪問
テーマ: 役員保障
内容: 役員の世代交代を控え、役員退職慰労金の財源確保について相談。長期定期保険の解約返戻率の推移を次回提示する約束をした。
先方の反応: 情報収集段階
次回アクション: 見積もりを2週間以内に提出する。"
MN0033,A002,パナソニック ホールディングス(株),U005,2025-08-27,介護離職,"【面談記録】パナソニック ホールディングス(株) / 2025-08-27 / 訪問
テーマ: 介護離職
内容: 管理職層の介護離職が増えている。両立支援の一環として、介護に関する保障と相談サービスの組み合わせを検討したいとのこと。
先方の反応: 情報収集段階
次回アクション: 先方の社内稟議の日程を確認する。"
MN0034,A002,パナソニック ホールディングス(株),U005,2025-08-29,介護離職,"【面談記録】パナソニック ホールディングス(株) / 2025-08-29 / 訪問
テーマ: 介護離職
内容: 管理職層の介護離職が増えている。両立支援の一環として、介護に関する保障と相談サービスの組み合わせを検討したいとのこと。
先方の反応: 前向き
次回アクション: 他社比較の資料を求められたため準備する。"
MN0035,A006,JERA(株),U004,2025-09-08,役員保障,"【面談記録】JERA(株) / 2025-09-08 / 訪問
テーマ: 役員保障
内容: 役員の世代交代を控え、役員退職慰労金の財源確保について相談。長期定期保険の解約返戻率の推移を次回提示する約束をした。
先方の反応: 慎重
次回アクション: 先方の社内稟議の日程を確認する。"
MN0036,A007,イオン(株),U003,2025-09-10,DC移行,"【面談記録】イオン(株) / 2025-09-10 / オンライン面談
テーマ: DC移行
内容: DB 制度の一部を企業型 DC へ移行する検討が始まっている。移行時の想定利回りと従業員説明会の進め方について質問を受けた。
先方の反応: 慎重
次回アクション: 先方の社内稟議の日程を確認する。"
MN0037,A009,鹿島建設(株),U004,2025-09-10,M&A,"【面談記録】鹿島建設(株) / 2025-09-10 / オンライン面談
テーマ: M&A
内容: 海外子会社の買収が決まり、統合後の福利厚生制度の統一が課題。グループ全体での団体定期保険の一本化に関心を示した。
先方の反応: 慎重
次回アクション: 次回は人事部長同席で具体的な提案を行う。"
MN0038,A017,三井住友フィナンシャルグループ(株),U003,2025-09-12,役員保障,"【面談記録】三井住友フィナンシャルグループ(株) / 2025-09-12 / 訪問
テーマ: 役員保障
内容: 役員の世代交代を控え、役員退職慰労金の財源確保について相談。長期定期保険の解約返戻率の推移を次回提示する約束をした。
先方の反応: 前向き
次回アクション: 次回は人事部長同席で具体的な提案を行う。"
MN0039,A002,パナソニック ホールディングス(株),U005,2025-09-20,人的資本開示,"【面談記録】パナソニック ホールディングス(株) / 2025-09-20 / 訪問
テーマ: 人的資本開示
内容: 有価証券報告書の人的資本開示で、福利厚生の充実度を定量的に示したいという課題感。団体保険の加入率や GLTD 導入の有無が指標になり得ると説明した。
先方の反応: 強い関心
次回アクション: 次回は人事部長同席で具体的な提案を行う。"
MN0040,A016,日本製鉄(株),U001,2025-09-20,DC移行,"【面談記録】日本製鉄(株) / 2025-09-20 / 訪問
テーマ: DC移行
内容: DB 制度の一部を企業型 DC へ移行する検討が始まっている。移行時の想定利回りと従業員説明会の進め方について質問を受けた。
先方の反応: 前向き
次回アクション: 他社比較の資料を求められたため準備する。"
MN0041,A018,サントリーホールディングス(株),U005,2025-09-23,役員保障,"【面談記録】サントリーホールディングス(株) / 2025-09-23 / オンライン面談
テーマ: 役員保障
内容: 役員の世代交代を控え、役員退職慰労金の財源確保について相談。長期定期保険の解約返戻率の推移を次回提示する約束をした。
先方の反応: 情報収集段階
次回アクション: 先方の社内稟議の日程を確認する。"
MN0042,A002,パナソニック ホールディングス(株),U005,2025-09-24,健康経営,"【面談記録】パナソニック ホールディングス(株) / 2025-09-24 / 訪問
テーマ: 健康経営
内容: 健康経営優良法人の認定更新に向けて、ストレスチェック結果の活用方法を知りたいとのこと。Wellness-Star の分析レポートをサンプルで提示した。
先方の反応: 慎重
次回アクション: 他社比較の資料を求められたため準備する。"
MN0043,A017,三井住友フィナンシャルグループ(株),U003,2025-09-27,役員保障,"【面談記録】三井住友フィナンシャルグループ(株) / 2025-09-27 / 訪問
テーマ: 役員保障
内容: 役員の世代交代を控え、役員退職慰労金の財源確保について相談。長期定期保険の解約返戻率の推移を次回提示する約束をした。
先方の反応: 慎重
次回アクション: 先方の社内稟議の日程を確認する。"
MN0044,A012,ANAホールディングス(株),U003,2025-09-30,役員保障,"【面談記録】ANAホールディングス(株) / 2025-09-30 / 訪問
テーマ: 役員保障
内容: 役員の世代交代を控え、役員退職慰労金の財源確保について相談。長期定期保険の解約返戻率の推移を次回提示する約束をした。
先方の反応: 情報収集段階
次回アクション: 他社比較の資料を求められたため準備する。"
MN0045,A015,三菱地所(株),U004,2025-09-30,介護離職,"【面談記録】三菱地所(株) / 2025-09-30 / オンライン面談
テーマ: 介護離職
内容: 管理職層の介護離職が増えている。両立支援の一環として、介護に関する保障と相談サービスの組み合わせを検討したいとのこと。
先方の反応: 慎重
次回アクション: 他社比較の資料を求められたため準備する。"
MN0046,A001,トヨタ自動車(株),U006,2025-10-08,健康経営,"【面談記録】トヨタ自動車(株) / 2025-10-08 / 訪問
テーマ: 健康経営
内容: 健康経営優良法人の認定更新に向けて、ストレスチェック結果の活用方法を知りたいとのこと。Wellness-Star の分析レポートをサンプルで提示した。
先方の反応: 慎重
次回アクション: 次回は人事部長同席で具体的な提案を行う。"
MN0047,A011,武田薬品工業(株),U005,2025-10-14,人的資本開示,"【面談記録】武田薬品工業(株) / 2025-10-14 / オンライン面談
テーマ: 人的資本開示
内容: 有価証券報告書の人的資本開示で、福利厚生の充実度を定量的に示したいという課題感。団体保険の加入率や GLTD 導入の有無が指標になり得ると説明した。
先方の反応: 慎重
次回アクション: 次回は人事部長同席で具体的な提案を行う。"
MN0048,A012,ANAホールディングス(株),U003,2025-10-17,介護離職,"【面談記録】ANAホールディングス(株) / 2025-10-17 / オンライン面談
テーマ: 介護離職
内容: 管理職層の介護離職が増えている。両立支援の一環として、介護に関する保障と相談サービスの組み合わせを検討したいとのこと。
先方の反応: 前向き
次回アクション: 見積もりを2週間以内に提出する。"
MN0049,A004,NTTデータグループ(株),U003,2025-10-19,健康経営,"【面談記録】NTTデータグループ(株) / 2025-10-19 / 訪問
テーマ: 健康経営
内容: 健康経営優良法人の認定更新に向けて、ストレスチェック結果の活用方法を知りたいとのこと。Wellness-Star の分析レポートをサンプルで提示した。
先方の反応: 前向き
次回アクション: 次回は人事部長同席で具体的な提案を行う。"
MN0050,A014,KDDI(株),U002,2025-10-30,M&A,"【面談記録】KDDI(株) / 2025-10-30 / 訪問
テーマ: M&A
内容: 海外子会社の買収が決まり、統合後の福利厚生制度の統一が課題。グループ全体での団体定期保険の一本化に関心を示した。
先方の反応: 慎重
次回アクション: 次回は人事部長同席で具体的な提案を行う。"
MN0051,A015,三菱地所(株),U004,2025-10-30,採用強化,"【面談記録】三菱地所(株) / 2025-10-30 / 訪問
テーマ: 採用強化
内容: エンジニア採用を大幅に増やす方針。採用競争力のため、GLTD や団体がん保険など就業不能リスクへの備えを福利厚生に加えたいとの話があった。
先方の反応: 慎重
次回アクション: 次回は人事部長同席で具体的な提案を行う。"
MN0052,A005,野村ホールディングス(株),U002,2025-11-05,人的資本開示,"【面談記録】野村ホールディングス(株) / 2025-11-05 / オンライン面談
テーマ: 人的資本開示
内容: 有価証券報告書の人的資本開示で、福利厚生の充実度を定量的に示したいという課題感。団体保険の加入率や GLTD 導入の有無が指標になり得ると説明した。
先方の反応: 情報収集段階
次回アクション: 見積もりを2週間以内に提出する。"
MN0053,A008,住友商事(株),U001,2025-11-09,介護離職,"【面談記録】住友商事(株) / 2025-11-09 / オンライン面談
テーマ: 介護離職
内容: 管理職層の介護離職が増えている。両立支援の一環として、介護に関する保障と相談サービスの組み合わせを検討したいとのこと。
先方の反応: 強い関心
次回アクション: 他社比較の資料を求められたため準備する。"
MN0054,A003,伊藤忠商事(株),U001,2025-11-11,役員保障,"【面談記録】伊藤忠商事(株) / 2025-11-11 / 訪問
テーマ: 役員保障
内容: 役員の世代交代を控え、役員退職慰労金の財源確保について相談。長期定期保険の解約返戻率の推移を次回提示する約束をした。
先方の反応: 強い関心
次回アクション: 次回は人事部長同席で具体的な提案を行う。"
MN0055,A004,NTTデータグループ(株),U003,2025-11-14,介護離職,"【面談記録】NTTデータグループ(株) / 2025-11-14 / 訪問
テーマ: 介護離職
内容: 管理職層の介護離職が増えている。両立支援の一環として、介護に関する保障と相談サービスの組み合わせを検討したいとのこと。
先方の反応: 強い関心
次回アクション: 見積もりを2週間以内に提出する。"
MN0056,A015,三菱地所(株),U004,2025-11-18,M&A,"【面談記録】三菱地所(株) / 2025-11-18 / 訪問
テーマ: M&A
内容: 海外子会社の買収が決まり、統合後の福利厚生制度の統一が課題。グループ全体での団体定期保険の一本化に関心を示した。
先方の反応: 情報収集段階
次回アクション: 次回は人事部長同席で具体的な提案を行う。"
MN0057,A011,武田薬品工業(株),U005,2025-11-20,M&A,"【面談記録】武田薬品工業(株) / 2025-11-20 / 訪問
テーマ: M&A
内容: 海外子会社の買収が決まり、統合後の福利厚生制度の統一が課題。グループ全体での団体定期保険の一本化に関心を示した。
先方の反応: 強い関心
次回アクション: 先方の社内稟議の日程を確認する。"
MN0058,A020,旭化成(株),U004,2025-11-23,介護離職,"【面談記録】旭化成(株) / 2025-11-23 / 訪問
テーマ: 介護離職
内容: 管理職層の介護離職が増えている。両立支援の一環として、介護に関する保障と相談サービスの組み合わせを検討したいとのこと。
先方の反応: 情報収集段階
次回アクション: 見積もりを2週間以内に提出する。"
MN0059,A019,東日本旅客鉄道(株),U002,2025-11-26,採用強化,"【面談記録】東日本旅客鉄道(株) / 2025-11-26 / 訪問
テーマ: 採用強化
内容: エンジニア採用を大幅に増やす方針。採用競争力のため、GLTD や団体がん保険など就業不能リスクへの備えを福利厚生に加えたいとの話があった。
先方の反応: 情報収集段階
次回アクション: 他社比較の資料を求められたため準備する。"
MN0060,A015,三菱地所(株),U004,2025-11-30,採用強化,"【面談記録】三菱地所(株) / 2025-11-30 / オンライン面談
テーマ: 採用強化
内容: エンジニア採用を大幅に増やす方針。採用競争力のため、GLTD や団体がん保険など就業不能リスクへの備えを福利厚生に加えたいとの話があった。
先方の反応: 強い関心
次回アクション: 先方の社内稟議の日程を確認する。"
MN0061,A010,日本郵船(株),U002,2025-12-12,健康経営,"【面談記録】日本郵船(株) / 2025-12-12 / オンライン面談
テーマ: 健康経営
内容: 健康経営優良法人の認定更新に向けて、ストレスチェック結果の活用方法を知りたいとのこと。Wellness-Star の分析レポートをサンプルで提示した。
先方の反応: 前向き
次回アクション: 先方の社内稟議の日程を確認する。"
MN0062,A005,野村ホールディングス(株),U002,2025-12-13,採用強化,"【面談記録】野村ホールディングス(株) / 2025-12-13 / オンライン面談
テーマ: 採用強化
内容: エンジニア採用を大幅に増やす方針。採用競争力のため、GLTD や団体がん保険など就業不能リスクへの備えを福利厚生に加えたいとの話があった。
先方の反応: 慎重
次回アクション: 先方の社内稟議の日程を確認する。"
MN0063,A020,旭化成(株),U004,2025-12-14,DC移行,"【面談記録】旭化成(株) / 2025-12-14 / 訪問
テーマ: DC移行
内容: DB 制度の一部を企業型 DC へ移行する検討が始まっている。移行時の想定利回りと従業員説明会の進め方について質問を受けた。
先方の反応: 情報収集段階
次回アクション: 次回は人事部長同席で具体的な提案を行う。"
MN0064,A017,三井住友フィナンシャルグループ(株),U003,2025-12-18,DC移行,"【面談記録】三井住友フィナンシャルグループ(株) / 2025-12-18 / 訪問
テーマ: DC移行
内容: DB 制度の一部を企業型 DC へ移行する検討が始まっている。移行時の想定利回りと従業員説明会の進め方について質問を受けた。
先方の反応: 強い関心
次回アクション: 次回は人事部長同席で具体的な提案を行う。"
MN0065,A015,三菱地所(株),U004,2025-12-30,人的資本開示,"【面談記録】三菱地所(株) / 2025-12-30 / オンライン面談
テーマ: 人的資本開示
内容: 有価証券報告書の人的資本開示で、福利厚生の充実度を定量的に示したいという課題感。団体保険の加入率や GLTD 導入の有無が指標になり得ると説明した。
先方の反応: 情報収集段階
次回アクション: 見積もりを2週間以内に提出する。"
MN0066,A013,セブン&アイ・ホールディングス(株),U001,2025-12-31,人的資本開示,"【面談記録】セブン&アイ・ホールディングス(株) / 2025-12-31 / オンライン面談
テーマ: 人的資本開示
内容: 有価証券報告書の人的資本開示で、福利厚生の充実度を定量的に示したいという課題感。団体保険の加入率や GLTD 導入の有無が指標になり得ると説明した。
先方の反応: 強い関心
次回アクション: 次回は人事部長同席で具体的な提案を行う。"
MN0067,A004,NTTデータグループ(株),U003,2026-01-06,役員保障,"【面談記録】NTTデータグループ(株) / 2026-01-06 / オンライン面談
テーマ: 役員保障
内容: 役員の世代交代を控え、役員退職慰労金の財源確保について相談。長期定期保険の解約返戻率の推移を次回提示する約束をした。
先方の反応: 慎重
次回アクション: 次回は人事部長同席で具体的な提案を行う。"
MN0068,A011,武田薬品工業(株),U005,2026-01-08,DC移行,"【面談記録】武田薬品工業(株) / 2026-01-08 / 訪問
テーマ: DC移行
内容: DB 制度の一部を企業型 DC へ移行する検討が始まっている。移行時の想定利回りと従業員説明会の進め方について質問を受けた。
先方の反応: 前向き
次回アクション: 他社比較の資料を求められたため準備する。"
MN0069,A009,鹿島建設(株),U004,2026-01-12,DC移行,"【面談記録】鹿島建設(株) / 2026-01-12 / オンライン面談
テーマ: DC移行
内容: DB 制度の一部を企業型 DC へ移行する検討が始まっている。移行時の想定利回りと従業員説明会の進め方について質問を受けた。
先方の反応: 前向き
次回アクション: 先方の社内稟議の日程を確認する。"
MN0070,A017,三井住友フィナンシャルグループ(株),U003,2026-01-15,役員保障,"【面談記録】三井住友フィナンシャルグループ(株) / 2026-01-15 / 訪問
テーマ: 役員保障
内容: 役員の世代交代を控え、役員退職慰労金の財源確保について相談。長期定期保険の解約返戻率の推移を次回提示する約束をした。
先方の反応: 強い関心
次回アクション: 他社比較の資料を求められたため準備する。"
MN0071,A004,NTTデータグループ(株),U003,2026-01-21,人的資本開示,"【面談記録】NTTデータグループ(株) / 2026-01-21 / 訪問
テーマ: 人的資本開示
内容: 有価証券報告書の人的資本開示で、福利厚生の充実度を定量的に示したいという課題感。団体保険の加入率や GLTD 導入の有無が指標になり得ると説明した。
先方の反応: 強い関心
次回アクション: 他社比較の資料を求められたため準備する。"
MN0072,A012,ANAホールディングス(株),U003,2026-01-31,DC移行,"【面談記録】ANAホールディングス(株) / 2026-01-31 / オンライン面談
テーマ: DC移行
内容: DB 制度の一部を企業型 DC へ移行する検討が始まっている。移行時の想定利回りと従業員説明会の進め方について質問を受けた。
先方の反応: 前向き
次回アクション: 先方の社内稟議の日程を確認する。"
MN0073,A006,JERA(株),U004,2026-02-02,M&A,"【面談記録】JERA(株) / 2026-02-02 / 訪問
テーマ: M&A
内容: 海外子会社の買収が決まり、統合後の福利厚生制度の統一が課題。グループ全体での団体定期保険の一本化に関心を示した。
先方の反応: 前向き
次回アクション: 先方の社内稟議の日程を確認する。"
MN0074,A005,野村ホールディングス(株),U002,2026-02-06,採用強化,"【面談記録】野村ホールディングス(株) / 2026-02-06 / 訪問
テーマ: 採用強化
内容: エンジニア採用を大幅に増やす方針。採用競争力のため、GLTD や団体がん保険など就業不能リスクへの備えを福利厚生に加えたいとの話があった。
先方の反応: 前向き
次回アクション: 先方の社内稟議の日程を確認する。"
MN0075,A005,野村ホールディングス(株),U002,2026-02-08,介護離職,"【面談記録】野村ホールディングス(株) / 2026-02-08 / 訪問
テーマ: 介護離職
内容: 管理職層の介護離職が増えている。両立支援の一環として、介護に関する保障と相談サービスの組み合わせを検討したいとのこと。
先方の反応: 前向き
次回アクション: 見積もりを2週間以内に提出する。"
MN0076,A014,KDDI(株),U002,2026-02-12,人的資本開示,"【面談記録】KDDI(株) / 2026-02-12 / オンライン面談
テーマ: 人的資本開示
内容: 有価証券報告書の人的資本開示で、福利厚生の充実度を定量的に示したいという課題感。団体保険の加入率や GLTD 導入の有無が指標になり得ると説明した。
先方の反応: 前向き
次回アクション: 先方の社内稟議の日程を確認する。"
MN0077,A016,日本製鉄(株),U001,2026-02-12,役員保障,"【面談記録】日本製鉄(株) / 2026-02-12 / 訪問
テーマ: 役員保障
内容: 役員の世代交代を控え、役員退職慰労金の財源確保について相談。長期定期保険の解約返戻率の推移を次回提示する約束をした。
先方の反応: 慎重
次回アクション: 見積もりを2週間以内に提出する。"
MN0078,A008,住友商事(株),U001,2026-02-15,介護離職,"【面談記録】住友商事(株) / 2026-02-15 / 訪問
テーマ: 介護離職
内容: 管理職層の介護離職が増えている。両立支援の一環として、介護に関する保障と相談サービスの組み合わせを検討したいとのこと。
先方の反応: 前向き
次回アクション: 見積もりを2週間以内に提出する。"
MN0079,A006,JERA(株),U004,2026-02-28,人的資本開示,"【面談記録】JERA(株) / 2026-02-28 / 訪問
テーマ: 人的資本開示
内容: 有価証券報告書の人的資本開示で、福利厚生の充実度を定量的に示したいという課題感。団体保険の加入率や GLTD 導入の有無が指標になり得ると説明した。
先方の反応: 前向き
次回アクション: 先方の社内稟議の日程を確認する。"
MN0080,A018,サントリーホールディングス(株),U005,2026-03-01,役員保障,"【面談記録】サントリーホールディングス(株) / 2026-03-01 / 訪問
テーマ: 役員保障
内容: 役員の世代交代を控え、役員退職慰労金の財源確保について相談。長期定期保険の解約返戻率の推移を次回提示する約束をした。
先方の反応: 情報収集段階
次回アクション: 他社比較の資料を求められたため準備する。"
MN0081,A002,パナソニック ホールディングス(株),U005,2026-03-05,介護離職,"【面談記録】パナソニック ホールディングス(株) / 2026-03-05 / 訪問
テーマ: 介護離職
内容: 管理職層の介護離職が増えている。両立支援の一環として、介護に関する保障と相談サービスの組み合わせを検討したいとのこと。
先方の反応: 情報収集段階
次回アクション: 次回は人事部長同席で具体的な提案を行う。"
MN0082,A016,日本製鉄(株),U001,2026-03-06,人的資本開示,"【面談記録】日本製鉄(株) / 2026-03-06 / オンライン面談
テーマ: 人的資本開示
内容: 有価証券報告書の人的資本開示で、福利厚生の充実度を定量的に示したいという課題感。団体保険の加入率や GLTD 導入の有無が指標になり得ると説明した。
先方の反応: 慎重
次回アクション: 次回は人事部長同席で具体的な提案を行う。"
MN0083,A015,三菱地所(株),U004,2026-03-09,M&A,"【面談記録】三菱地所(株) / 2026-03-09 / オンライン面談
テーマ: M&A
内容: 海外子会社の買収が決まり、統合後の福利厚生制度の統一が課題。グループ全体での団体定期保険の一本化に関心を示した。
先方の反応: 情報収集段階
次回アクション: 次回は人事部長同席で具体的な提案を行う。"
MN0084,A007,イオン(株),U003,2026-03-14,人的資本開示,"【面談記録】イオン(株) / 2026-03-14 / 訪問
テーマ: 人的資本開示
内容: 有価証券報告書の人的資本開示で、福利厚生の充実度を定量的に示したいという課題感。団体保険の加入率や GLTD 導入の有無が指標になり得ると説明した。
先方の反応: 情報収集段階
次回アクション: 他社比較の資料を求められたため準備する。"
MN0085,A011,武田薬品工業(株),U005,2026-03-16,役員保障,"【面談記録】武田薬品工業(株) / 2026-03-16 / 訪問
テーマ: 役員保障
内容: 役員の世代交代を控え、役員退職慰労金の財源確保について相談。長期定期保険の解約返戻率の推移を次回提示する約束をした。
先方の反応: 強い関心
次回アクション: 次回は人事部長同席で具体的な提案を行う。"
MN0086,A008,住友商事(株),U001,2026-03-18,介護離職,"【面談記録】住友商事(株) / 2026-03-18 / オンライン面談
テーマ: 介護離職
内容: 管理職層の介護離職が増えている。両立支援の一環として、介護に関する保障と相談サービスの組み合わせを検討したいとのこと。
先方の反応: 慎重
次回アクション: 先方の社内稟議の日程を確認する。"
MN0087,A002,パナソニック ホールディングス(株),U005,2026-03-24,介護離職,"【面談記録】パナソニック ホールディングス(株) / 2026-03-24 / オンライン面談
テーマ: 介護離職
内容: 管理職層の介護離職が増えている。両立支援の一環として、介護に関する保障と相談サービスの組み合わせを検討したいとのこと。
先方の反応: 前向き
次回アクション: 先方の社内稟議の日程を確認する。"
MN0088,A007,イオン(株),U003,2026-04-16,健康経営,"【面談記録】イオン(株) / 2026-04-16 / 訪問
テーマ: 健康経営
内容: 健康経営優良法人の認定更新に向けて、ストレスチェック結果の活用方法を知りたいとのこと。Wellness-Star の分析レポートをサンプルで提示した。
先方の反応: 強い関心
次回アクション: 次回は人事部長同席で具体的な提案を行う。"
MN0089,A013,セブン&アイ・ホールディングス(株),U001,2026-04-30,介護離職,"【面談記録】セブン&アイ・ホールディングス(株) / 2026-04-30 / オンライン面談
テーマ: 介護離職
内容: 管理職層の介護離職が増えている。両立支援の一環として、介護に関する保障と相談サービスの組み合わせを検討したいとのこと。
先方の反応: 前向き
次回アクション: 他社比較の資料を求められたため準備する。"
MN0090,A016,日本製鉄(株),U001,2026-05-12,DC移行,"【面談記録】日本製鉄(株) / 2026-05-12 / 訪問
テーマ: DC移行
内容: DB 制度の一部を企業型 DC へ移行する検討が始まっている。移行時の想定利回りと従業員説明会の進め方について質問を受けた。
先方の反応: 強い関心
次回アクション: 見積もりを2週間以内に提出する。"
MN0091,A020,旭化成(株),U004,2026-05-15,人的資本開示,"【面談記録】旭化成(株) / 2026-05-15 / 訪問
テーマ: 人的資本開示
内容: 有価証券報告書の人的資本開示で、福利厚生の充実度を定量的に示したいという課題感。団体保険の加入率や GLTD 導入の有無が指標になり得ると説明した。
先方の反応: 前向き
次回アクション: 先方の社内稟議の日程を確認する。"
MN0092,A007,イオン(株),U003,2026-05-17,M&A,"【面談記録】イオン(株) / 2026-05-17 / 訪問
テーマ: M&A
内容: 海外子会社の買収が決まり、統合後の福利厚生制度の統一が課題。グループ全体での団体定期保険の一本化に関心を示した。
先方の反応: 情報収集段階
次回アクション: 次回は人事部長同席で具体的な提案を行う。"
MN0093,A020,旭化成(株),U004,2026-05-21,M&A,"【面談記録】旭化成(株) / 2026-05-21 / 訪問
テーマ: M&A
内容: 海外子会社の買収が決まり、統合後の福利厚生制度の統一が課題。グループ全体での団体定期保険の一本化に関心を示した。
先方の反応: 強い関心
次回アクション: 次回は人事部長同席で具体的な提案を行う。"
MN0094,A017,三井住友フィナンシャルグループ(株),U003,2026-05-24,人的資本開示,"【面談記録】三井住友フィナンシャルグループ(株) / 2026-05-24 / 訪問
テーマ: 人的資本開示
内容: 有価証券報告書の人的資本開示で、福利厚生の充実度を定量的に示したいという課題感。団体保険の加入率や GLTD 導入の有無が指標になり得ると説明した。
先方の反応: 情報収集段階
次回アクション: 見積もりを2週間以内に提出する。"
MN0095,A015,三菱地所(株),U004,2026-05-25,健康経営,"【面談記録】三菱地所(株) / 2026-05-25 / 訪問
テーマ: 健康経営
内容: 健康経営優良法人の認定更新に向けて、ストレスチェック結果の活用方法を知りたいとのこと。Wellness-Star の分析レポートをサンプルで提示した。
先方の反応: 情報収集段階
次回アクション: 次回は人事部長同席で具体的な提案を行う。"
MN0096,A015,三菱地所(株),U004,2026-05-25,DC移行,"【面談記録】三菱地所(株) / 2026-05-25 / 訪問
テーマ: DC移行
内容: DB 制度の一部を企業型 DC へ移行する検討が始まっている。移行時の想定利回りと従業員説明会の進め方について質問を受けた。
先方の反応: 慎重
次回アクション: 見積もりを2週間以内に提出する。"
MN0097,A008,住友商事(株),U001,2026-06-01,役員保障,"【面談記録】住友商事(株) / 2026-06-01 / オンライン面談
テーマ: 役員保障
内容: 役員の世代交代を控え、役員退職慰労金の財源確保について相談。長期定期保険の解約返戻率の推移を次回提示する約束をした。
先方の反応: 慎重
次回アクション: 先方の社内稟議の日程を確認する。"
MN0098,A019,東日本旅客鉄道(株),U002,2026-06-09,役員保障,"【面談記録】東日本旅客鉄道(株) / 2026-06-09 / オンライン面談
テーマ: 役員保障
内容: 役員の世代交代を控え、役員退職慰労金の財源確保について相談。長期定期保険の解約返戻率の推移を次回提示する約束をした。
先方の反応: 慎重
次回アクション: 先方の社内稟議の日程を確認する。"
MN0099,A008,住友商事(株),U001,2026-06-10,DC移行,"【面談記録】住友商事(株) / 2026-06-10 / オンライン面談
テーマ: DC移行
内容: DB 制度の一部を企業型 DC へ移行する検討が始まっている。移行時の想定利回りと従業員説明会の進め方について質問を受けた。
先方の反応: 情報収集段階
次回アクション: 先方の社内稟議の日程を確認する。"
MN0100,A009,鹿島建設(株),U004,2026-06-11,DC移行,"【面談記録】鹿島建設(株) / 2026-06-11 / 訪問
テーマ: DC移行
内容: DB 制度の一部を企業型 DC へ移行する検討が始まっている。移行時の想定利回りと従業員説明会の進め方について質問を受けた。
先方の反応: 前向き
次回アクション: 他社比較の資料を求められたため準備する。"
MN0101,A020,旭化成(株),U004,2026-06-12,健康経営,"【面談記録】旭化成(株) / 2026-06-12 / 訪問
テーマ: 健康経営
内容: 健康経営優良法人の認定更新に向けて、ストレスチェック結果の活用方法を知りたいとのこと。Wellness-Star の分析レポートをサンプルで提示した。
先方の反応: 情報収集段階
次回アクション: 先方の社内稟議の日程を確認する。"
MN0102,A018,サントリーホールディングス(株),U005,2026-06-13,採用強化,"【面談記録】サントリーホールディングス(株) / 2026-06-13 / オンライン面談
テーマ: 採用強化
内容: エンジニア採用を大幅に増やす方針。採用競争力のため、GLTD や団体がん保険など就業不能リスクへの備えを福利厚生に加えたいとの話があった。
先方の反応: 強い関心
次回アクション: 見積もりを2週間以内に提出する。"
MN0103,A002,パナソニック ホールディングス(株),U005,2026-06-27,採用強化,"【面談記録】パナソニック ホールディングス(株) / 2026-06-27 / 訪問
テーマ: 採用強化
内容: エンジニア採用を大幅に増やす方針。採用競争力のため、GLTD や団体がん保険など就業不能リスクへの備えを福利厚生に加えたいとの話があった。
先方の反応: 強い関心
次回アクション: 次回は人事部長同席で具体的な提案を行う。"
MN0104,A006,JERA(株),U004,2026-06-28,役員保障,"【面談記録】JERA(株) / 2026-06-28 / 訪問
テーマ: 役員保障
内容: 役員の世代交代を控え、役員退職慰労金の財源確保について相談。長期定期保険の解約返戻率の推移を次回提示する約束をした。
先方の反応: 慎重
次回アクション: 次回は人事部長同席で具体的な提案を行う。"
MN0105,A007,イオン(株),U003,2026-06-29,介護離職,"【面談記録】イオン(株) / 2026-06-29 / オンライン面談
テーマ: 介護離職
内容: 管理職層の介護離職が増えている。両立支援の一環として、介護に関する保障と相談サービスの組み合わせを検討したいとのこと。
先方の反応: 前向き
次回アクション: 見積もりを2週間以内に提出する。"
MN0106,A003,伊藤忠商事(株),U001,2026-06-30,役員保障,"【面談記録】伊藤忠商事(株) / 2026-06-30 / オンライン面談
テーマ: 役員保障
内容: 役員の世代交代を控え、役員退職慰労金の財源確保について相談。長期定期保険の解約返戻率の推移を次回提示する約束をした。
先方の反応: 前向き
次回アクション: 次回は人事部長同席で具体的な提案を行う。"
MN0107,A020,旭化成(株),U004,2026-07-10,人的資本開示,"【面談記録】旭化成(株) / 2026-07-10 / 訪問
テーマ: 人的資本開示
内容: 有価証券報告書の人的資本開示で、福利厚生の充実度を定量的に示したいという課題感。団体保険の加入率や GLTD 導入の有無が指標になり得ると説明した。
先方の反応: 慎重
次回アクション: 他社比較の資料を求められたため準備する。"
MN0108,A015,三菱地所(株),U004,2026-07-20,採用強化,"【面談記録】三菱地所(株) / 2026-07-20 / 訪問
テーマ: 採用強化
内容: エンジニア採用を大幅に増やす方針。採用競争力のため、GLTD や団体がん保険など就業不能リスクへの備えを福利厚生に加えたいとの話があった。
先方の反応: 情報収集段階
次回アクション: 先方の社内稟議の日程を確認する。"
MN0109,A006,JERA(株),U004,2026-07-22,介護離職,"【面談記録】JERA(株) / 2026-07-22 / オンライン面談
テーマ: 介護離職
内容: 管理職層の介護離職が増えている。両立支援の一環として、介護に関する保障と相談サービスの組み合わせを検討したいとのこと。
先方の反応: 前向き
次回アクション: 先方の社内稟議の日程を確認する。"
MN0110,A017,三井住友フィナンシャルグループ(株),U003,2026-07-23,介護離職,"【面談記録】三井住友フィナンシャルグループ(株) / 2026-07-23 / オンライン面談
テーマ: 介護離職
内容: 管理職層の介護離職が増えている。両立支援の一環として、介護に関する保障と相談サービスの組み合わせを検討したいとのこと。
先方の反応: 情報収集段階
次回アクション: 先方の社内稟議の日程を確認する。"
MN0111,A014,KDDI(株),U002,2026-07-27,DC移行,"【面談記録】KDDI(株) / 2026-07-27 / 訪問
テーマ: DC移行
内容: DB 制度の一部を企業型 DC へ移行する検討が始まっている。移行時の想定利回りと従業員説明会の進め方について質問を受けた。
先方の反応: 前向き
次回アクション: 次回は人事部長同席で具体的な提案を行う。"
MN0112,A017,三井住友フィナンシャルグループ(株),U003,2026-07-30,介護離職,"【面談記録】三井住友フィナンシャルグループ(株) / 2026-07-30 / 訪問
テーマ: 介護離職
内容: 管理職層の介護離職が増えている。両立支援の一環として、介護に関する保障と相談サービスの組み合わせを検討したいとのこと。
先方の反応: 強い関心
次回アクション: 先方の社内稟議の日程を確認する。"
MN0113,A018,サントリーホールディングス(株),U005,2026-08-10,DC移行,"【面談記録】サントリーホールディングス(株) / 2026-08-10 / 訪問
テーマ: DC移行
内容: DB 制度の一部を企業型 DC へ移行する検討が始まっている。移行時の想定利回りと従業員説明会の進め方について質問を受けた。
先方の反応: 慎重
次回アクション: 他社比較の資料を求められたため準備する。"
MN0114,A012,ANAホールディングス(株),U003,2026-08-16,役員保障,"【面談記録】ANAホールディングス(株) / 2026-08-16 / オンライン面談
テーマ: 役員保障
内容: 役員の世代交代を控え、役員退職慰労金の財源確保について相談。長期定期保険の解約返戻率の推移を次回提示する約束をした。
先方の反応: 強い関心
次回アクション: 先方の社内稟議の日程を確認する。"
MN0115,A014,KDDI(株),U002,2026-09-02,DC移行,"【面談記録】KDDI(株) / 2026-09-02 / 訪問
テーマ: DC移行
内容: DB 制度の一部を企業型 DC へ移行する検討が始まっている。移行時の想定利回りと従業員説明会の進め方について質問を受けた。
先方の反応: 慎重
次回アクション: 先方の社内稟議の日程を確認する。"
MN0116,A010,日本郵船(株),U002,2026-09-06,人的資本開示,"【面談記録】日本郵船(株) / 2026-09-06 / オンライン面談
テーマ: 人的資本開示
内容: 有価証券報告書の人的資本開示で、福利厚生の充実度を定量的に示したいという課題感。団体保険の加入率や GLTD 導入の有無が指標になり得ると説明した。
先方の反応: 情報収集段階
次回アクション: 次回は人事部長同席で具体的な提案を行う。"
MN0117,A013,セブン&アイ・ホールディングス(株),U001,2026-09-11,DC移行,"【面談記録】セブン&アイ・ホールディングス(株) / 2026-09-11 / 訪問
テーマ: DC移行
内容: DB 制度の一部を企業型 DC へ移行する検討が始まっている。移行時の想定利回りと従業員説明会の進め方について質問を受けた。
先方の反応: 情報収集段階
次回アクション: 先方の社内稟議の日程を確認する。"
MN0118,A020,旭化成(株),U004,2026-09-11,人的資本開示,"【面談記録】旭化成(株) / 2026-09-11 / 訪問
テーマ: 人的資本開示
内容: 有価証券報告書の人的資本開示で、福利厚生の充実度を定量的に示したいという課題感。団体保険の加入率や GLTD 導入の有無が指標になり得ると説明した。
先方の反応: 慎重
次回アクション: 先方の社内稟議の日程を確認する。"
MN0119,A014,KDDI(株),U002,2026-09-21,人的資本開示,"【面談記録】KDDI(株) / 2026-09-21 / オンライン面談
テーマ: 人的資本開示
内容: 有価証券報告書の人的資本開示で、福利厚生の充実度を定量的に示したいという課題感。団体保険の加入率や GLTD 導入の有無が指標になり得ると説明した。
先方の反応: 前向き
次回アクション: 見積もりを2週間以内に提出する。"
MN0120,A019,東日本旅客鉄道(株),U002,2026-09-22,役員保障,"【面談記録】東日本旅客鉄道(株) / 2026-09-22 / オンライン面談
テーマ: 役員保障
内容: 役員の世代交代を控え、役員退職慰労金の財源確保について相談。長期定期保険の解約返戻率の推移を次回提示する約束をした。
先方の反応: 情報収集段階
次回アクション: 見積もりを2週間以内に提出する。"
