ACT_ID,ACCT_ID,OWNER_ID,ACT_DT,ACT_TYP,SUBJ
ACT00001,A001,U006,2026-06-07,O,福利厚生制度の見直し相談
ACT00002,A001,U006,2025-08-13,V,人的資本開示に関する情報提供
ACT00003,A001,U006,2025-10-08,V,健康経営の取り組みヒアリング
ACT00004,A001,U006,2026-07-22,V,人的資本開示に関する情報提供
ACT00005,A001,U006,2026-08-30,O,健康経営の取り組みヒアリング
ACT00006,A001,U006,2025-04-02,V,経営者保障のご提案
ACT00007,A001,U006,2025-12-31,T,健康経営の取り組みヒアリング
ACT00008,A001,U006,2025-07-24,V,団体保険の更改提案
ACT00009,A002,U005,2025-12-13,T,経営者保障のご提案
ACT00010,A002,U005,2025-11-29,O,人的資本開示に関する情報提供
ACT00011,A002,U005,2026-03-05,V,DC 加入者向けセミナー打ち合わせ
ACT00012,A002,U005,2026-03-09,T,人的資本開示に関する情報提供
ACT00013,A002,U005,2025-06-27,O,健康経営の取り組みヒアリング
ACT00014,A002,U005,2026-07-30,T,企業年金の運用状況報告
ACT00015,A002,U005,2026-01-31,O,団体保険の更改提案
ACT00016,A002,U005,2025-09-30,V,福利厚生制度の見直し相談
ACT00017,A002,U005,2026-03-24,O,健康経営の取り組みヒアリング
ACT00018,A002,U005,2025-08-27,V,経営者保障のご提案
ACT00019,A002,U005,2026-02-10,V,経営者保障のご提案
ACT00020,A002,U005,2026-08-03,T,企業年金の運用状況報告
ACT00021,A002,U005,2025-10-17,V,企業年金の運用状況報告
ACT00022,A002,U005,2025-09-20,V,健康経営の取り組みヒアリング
ACT00023,A002,U005,2025-05-20,O,経営者保障のご提案
ACT00024,A002,U005,2026-06-27,V,福利厚生制度の見直し相談
ACT00025,A002,U005,2025-08-29,V,人的資本開示に関する情報提供
ACT00026,A002,U005,2025-09-14,V,人的資本開示に関する情報提供
ACT00027,A002,U005,2026-02-16,V,経営者保障のご提案
ACT00028,A002,U005,2025-07-01,O,福利厚生制度の見直し相談
ACT00029,A002,U005,2025-07-30,O,団体保険の更改提案
ACT00030,A002,U005,2025-09-24,V,定例訪問
ACT00031,A003,U001,2026-06-03,T,福利厚生制度の見直し相談
ACT00032,A003,U001,2026-01-18,V,団体保険の更改提案
ACT00033,A003,U001,2025-06-09,O,人的資本開示に関する情報提供
ACT00034,A003,U001,2025-11-11,V,企業年金の運用状況報告
ACT00035,A003,U001,2025-04-15,V,健康経営の取り組みヒアリング
ACT00036,A003,U001,2026-03-08,V,団体保険の更改提案
ACT00037,A003,U001,2025-09-10,T,団体保険の更改提案
ACT00038,A003,U001,2026-06-30,O,健康経営の取り組みヒアリング
ACT00039,A003,U001,2026-07-11,O,健康経営の取り組みヒアリング
ACT00040,A003,U001,2025-05-28,T,DC 加入者向けセミナー打ち合わせ
ACT00041,A003,U001,2026-09-13,O,団体保険の更改提案
ACT00042,A003,U001,2025-12-05,O,健康経営の取り組みヒアリング
ACT00043,A004,U003,2026-01-19,T,人的資本開示に関する情報提供
ACT00044,A004,U003,2025-10-19,V,定例訪問
ACT00045,A004,U003,2025-07-31,T,福利厚生制度の見直し相談
ACT00046,A004,U003,2026-09-05,T,人的資本開示に関する情報提供
ACT00047,A004,U003,2026-01-06,O,企業年金の運用状況報告
ACT00048,A004,U003,2026-08-09,O,健康経営の取り組みヒアリング
ACT00049,A004,U003,2026-06-11,V,福利厚生制度の見直し相談
ACT00050,A004,U003,2025-07-18,V,DC 加入者向けセミナー打ち合わせ
ACT00051,A004,U003,2026-01-21,V,定例訪問
ACT00052,A004,U003,2025-06-01,V,企業年金の運用状況報告
ACT00053,A004,U003,2026-07-06,V,福利厚生制度の見直し相談
ACT00054,A004,U003,2026-08-24,O,団体保険の更改提案
ACT00055,A004,U003,2025-11-14,V,DC 加入者向けセミナー打ち合わせ
ACT00056,A004,U003,2025-07-11,T,団体保険の更改提案
ACT00057,A004,U003,2025-08-07,T,定例訪問
ACT00058,A005,U002,2026-03-05,V,人的資本開示に関する情報提供
ACT00059,A005,U002,2026-02-06,V,人的資本開示に関する情報提供
ACT00060,A005,U002,2025-10-12,V,経営者保障のご提案
ACT00061,A005,U002,2025-08-23,V,企業年金の運用状況報告
ACT00062,A005,U002,2025-08-19,T,定例訪問
ACT00063,A005,U002,2026-04-14,T,団体保険の更改提案
ACT00064,A005,U002,2025-12-13,O,人的資本開示に関する情報提供
ACT00065,A005,U002,2025-12-15,T,福利厚生制度の見直し相談
ACT00066,A005,U002,2025-06-06,O,定例訪問
ACT00067,A005,U002,2025-05-17,V,人的資本開示に関する情報提供
ACT00068,A005,U002,2026-02-08,V,団体保険の更改提案
ACT00069,A005,U002,2025-11-05,O,団体保険の更改提案
ACT00070,A005,U002,2025-11-26,V,DC 加入者向けセミナー打ち合わせ
ACT00071,A005,U002,2025-06-16,V,団体保険の更改提案
ACT00072,A005,U002,2025-09-12,T,団体保険の更改提案
ACT00073,A006,U004,2025-10-09,T,人的資本開示に関する情報提供
ACT00074,A006,U004,2026-02-28,V,人的資本開示に関する情報提供
ACT00075,A006,U004,2026-07-31,V,定例訪問
ACT00076,A006,U004,2025-07-15,V,健康経営の取り組みヒアリング
ACT00077,A006,U004,2025-10-24,O,企業年金の運用状況報告
ACT00078,A006,U004,2026-05-12,V,福利厚生制度の見直し相談
ACT00079,A006,U004,2026-02-02,V,定例訪問
ACT00080,A006,U004,2025-04-24,V,健康経営の取り組みヒアリング
ACT00081,A006,U004,2026-06-28,V,団体保険の更改提案
ACT00082,A006,U004,2025-09-29,O,人的資本開示に関する情報提供
ACT00083,A006,U004,2026-07-22,O,福利厚生制度の見直し相談
ACT00084,A006,U004,2025-09-08,V,企業年金の運用状況報告
ACT00085,A006,U004,2025-05-01,V,団体保険の更改提案
ACT00086,A006,U004,2026-07-22,O,企業年金の運用状況報告
ACT00087,A006,U004,2025-06-15,V,経営者保障のご提案
ACT00088,A006,U004,2025-10-18,V,経営者保障のご提案
ACT00089,A006,U004,2026-03-02,O,健康経営の取り組みヒアリング
ACT00090,A006,U004,2025-06-21,V,企業年金の運用状況報告
ACT00091,A007,U003,2026-01-15,O,人的資本開示に関する情報提供
ACT00092,A007,U003,2025-07-25,T,団体保険の更改提案
ACT00093,A007,U003,2025-07-20,O,DC 加入者向けセミナー打ち合わせ
ACT00094,A007,U003,2026-06-29,O,経営者保障のご提案
ACT00095,A007,U003,2025-08-28,O,定例訪問
ACT00096,A007,U003,2026-04-16,V,健康経営の取り組みヒアリング
ACT00097,A007,U003,2026-02-03,T,健康経営の取り組みヒアリング
ACT00098,A007,U003,2026-05-17,V,企業年金の運用状況報告
ACT00099,A007,U003,2025-05-27,V,団体保険の更改提案
ACT00100,A007,U003,2026-01-06,O,DC 加入者向けセミナー打ち合わせ
ACT00101,A007,U003,2025-11-20,T,人的資本開示に関する情報提供
ACT00102,A007,U003,2025-09-10,O,健康経営の取り組みヒアリング
ACT00103,A007,U003,2026-01-19,O,企業年金の運用状況報告
ACT00104,A007,U003,2025-05-12,V,企業年金の運用状況報告
ACT00105,A007,U003,2026-08-30,V,経営者保障のご提案
ACT00106,A007,U003,2026-03-14,V,団体保険の更改提案
ACT00107,A008,U001,2025-12-23,V,経営者保障のご提案
ACT00108,A008,U001,2026-06-01,O,定例訪問
ACT00109,A008,U001,2026-06-10,O,企業年金の運用状況報告
ACT00110,A008,U001,2025-09-13,V,定例訪問
ACT00111,A008,U001,2026-09-29,T,企業年金の運用状況報告
ACT00112,A008,U001,2026-02-14,T,福利厚生制度の見直し相談
ACT00113,A008,U001,2026-02-15,V,人的資本開示に関する情報提供
ACT00114,A008,U001,2026-07-19,V,経営者保障のご提案
ACT00115,A008,U001,2026-05-22,V,経営者保障のご提案
ACT00116,A008,U001,2025-12-19,V,企業年金の運用状況報告
ACT00117,A008,U001,2025-06-29,V,人的資本開示に関する情報提供
ACT00118,A008,U001,2026-02-17,O,健康経営の取り組みヒアリング
ACT00119,A008,U001,2025-10-05,T,DC 加入者向けセミナー打ち合わせ
ACT00120,A008,U001,2026-01-30,O,DC 加入者向けセミナー打ち合わせ
ACT00121,A008,U001,2025-11-19,T,健康経営の取り組みヒアリング
ACT00122,A008,U001,2025-11-15,T,福利厚生制度の見直し相談
ACT00123,A008,U001,2025-09-25,T,DC 加入者向けセミナー打ち合わせ
ACT00124,A008,U001,2025-06-23,O,健康経営の取り組みヒアリング
ACT00125,A008,U001,2026-03-02,V,企業年金の運用状況報告
ACT00126,A008,U001,2026-03-18,O,定例訪問
ACT00127,A008,U001,2025-11-09,O,健康経営の取り組みヒアリング
ACT00128,A009,U004,2025-06-17,V,福利厚生制度の見直し相談
ACT00129,A009,U004,2025-07-01,O,経営者保障のご提案
ACT00130,A009,U004,2025-09-20,V,福利厚生制度の見直し相談
ACT00131,A009,U004,2025-06-22,V,健康経営の取り組みヒアリング
ACT00132,A009,U004,2026-03-22,V,経営者保障のご提案
ACT00133,A009,U004,2026-06-11,V,定例訪問
ACT00134,A009,U004,2025-09-10,O,定例訪問
ACT00135,A009,U004,2026-01-12,O,福利厚生制度の見直し相談
ACT00136,A009,U004,2025-05-14,V,福利厚生制度の見直し相談
ACT00137,A009,U004,2025-06-07,O,健康経営の取り組みヒアリング
ACT00138,A009,U004,2025-04-30,V,定例訪問
ACT00139,A010,U002,2025-11-28,O,福利厚生制度の見直し相談
ACT00140,A010,U002,2026-04-01,V,企業年金の運用状況報告
ACT00141,A010,U002,2026-09-06,O,福利厚生制度の見直し相談
ACT00142,A010,U002,2025-06-14,V,DC 加入者向けセミナー打ち合わせ
ACT00143,A010,U002,2025-08-10,V,定例訪問
ACT00144,A010,U002,2026-04-21,V,定例訪問
ACT00145,A010,U002,2025-12-12,O,人的資本開示に関する情報提供
ACT00146,A010,U002,2025-07-02,V,定例訪問
ACT00147,A010,U002,2026-06-19,T,人的資本開示に関する情報提供
ACT00148,A010,U002,2026-09-09,V,団体保険の更改提案
ACT00149,A011,U005,2026-03-16,V,企業年金の運用状況報告
ACT00150,A011,U005,2026-09-12,V,企業年金の運用状況報告
ACT00151,A011,U005,2025-08-05,V,人的資本開示に関する情報提供
ACT00152,A011,U005,2025-10-14,O,福利厚生制度の見直し相談
ACT00153,A011,U005,2026-02-23,O,企業年金の運用状況報告
ACT00154,A011,U005,2026-01-08,V,人的資本開示に関する情報提供
ACT00155,A011,U005,2025-08-05,O,DC 加入者向けセミナー打ち合わせ
ACT00156,A011,U005,2025-04-13,V,健康経営の取り組みヒアリング
ACT00157,A011,U005,2025-08-03,O,福利厚生制度の見直し相談
ACT00158,A011,U005,2025-11-20,V,企業年金の運用状況報告
ACT00159,A012,U003,2026-02-05,T,人的資本開示に関する情報提供
ACT00160,A012,U003,2025-10-28,V,企業年金の運用状況報告
ACT00161,A012,U003,2026-01-31,O,定例訪問
ACT00162,A012,U003,2025-10-17,O,健康経営の取り組みヒアリング
ACT00163,A012,U003,2025-09-30,V,経営者保障のご提案
ACT00164,A012,U003,2026-03-25,T,経営者保障のご提案
ACT00165,A012,U003,2026-08-16,O,定例訪問
ACT00166,A012,U003,2025-07-26,O,人的資本開示に関する情報提供
ACT00167,A013,U001,2025-05-10,V,団体保険の更改提案
ACT00168,A013,U001,2025-12-31,O,健康経営の取り組みヒアリング
ACT00169,A013,U001,2026-01-16,O,人的資本開示に関する情報提供
ACT00170,A013,U001,2026-09-11,V,福利厚生制度の見直し相談
ACT00171,A013,U001,2025-12-23,T,健康経営の取り組みヒアリング
ACT00172,A013,U001,2026-01-23,V,人的資本開示に関する情報提供
ACT00173,A013,U001,2025-11-07,V,企業年金の運用状況報告
ACT00174,A013,U001,2026-04-30,O,DC 加入者向けセミナー打ち合わせ
ACT00175,A013,U001,2025-07-20,T,経営者保障のご提案
ACT00176,A013,U001,2026-09-18,O,DC 加入者向けセミナー打ち合わせ
ACT00177,A013,U001,2026-06-21,V,企業年金の運用状況報告
ACT00178,A013,U001,2025-06-13,O,人的資本開示に関する情報提供
ACT00179,A013,U001,2026-04-16,T,福利厚生制度の見直し相談
ACT00180,A014,U002,2025-08-21,O,定例訪問
ACT00181,A014,U002,2025-10-30,V,福利厚生制度の見直し相談
ACT00182,A014,U002,2026-02-18,O,定例訪問
ACT00183,A014,U002,2026-05-22,O,人的資本開示に関する情報提供
ACT00184,A014,U002,2026-07-27,V,福利厚生制度の見直し相談
ACT00185,A014,U002,2026-09-25,O,企業年金の運用状況報告
ACT00186,A014,U002,2026-09-21,O,企業年金の運用状況報告
ACT00187,A014,U002,2026-02-12,O,経営者保障のご提案
ACT00188,A014,U002,2026-09-02,V,福利厚生制度の見直し相談
ACT00189,A014,U002,2026-06-21,O,健康経営の取り組みヒアリング
ACT00190,A014,U002,2025-08-17,V,福利厚生制度の見直し相談
ACT00191,A014,U002,2025-08-22,V,福利厚生制度の見直し相談
ACT00192,A015,U004,2026-05-25,V,定例訪問
ACT00193,A015,U004,2025-08-09,O,健康経営の取り組みヒアリング
ACT00194,A015,U004,2025-07-17,T,定例訪問
ACT00195,A015,U004,2025-06-12,O,人的資本開示に関する情報提供
ACT00196,A015,U004,2025-10-04,T,人的資本開示に関する情報提供
ACT00197,A015,U004,2025-06-23,O,福利厚生制度の見直し相談
ACT00198,A015,U004,2025-12-30,O,定例訪問
ACT00199,A015,U004,2026-03-09,O,健康経営の取り組みヒアリング
ACT00200,A015,U004,2026-05-09,V,団体保険の更改提案
ACT00201,A015,U004,2026-07-06,T,DC 加入者向けセミナー打ち合わせ
ACT00202,A015,U004,2025-10-30,V,DC 加入者向けセミナー打ち合わせ
ACT00203,A015,U004,2025-09-14,V,企業年金の運用状況報告
ACT00204,A015,U004,2025-09-30,O,健康経営の取り組みヒアリング
ACT00205,A015,U004,2026-07-20,V,定例訪問
ACT00206,A015,U004,2025-05-08,O,団体保険の更改提案
ACT00207,A015,U004,2025-11-30,O,健康経営の取り組みヒアリング
ACT00208,A015,U004,2026-05-25,V,健康経営の取り組みヒアリング
ACT00209,A015,U004,2026-05-28,V,福利厚生制度の見直し相談
ACT00210,A015,U004,2025-11-18,V,健康経営の取り組みヒアリング
ACT00211,A015,U004,2026-04-19,O,定例訪問
ACT00212,A015,U004,2025-10-08,V,福利厚生制度の見直し相談
ACT00213,A015,U004,2025-04-30,O,DC 加入者向けセミナー打ち合わせ
ACT00214,A016,U001,2026-05-12,V,福利厚生制度の見直し相談
ACT00215,A016,U001,2025-06-22,T,団体保険の更改提案
ACT00216,A016,U001,2026-02-12,V,健康経営の取り組みヒアリング
ACT00217,A016,U001,2025-07-25,V,定例訪問
ACT00218,A016,U001,2025-09-20,V,団体保険の更改提案
ACT00219,A016,U001,2026-05-14,V,定例訪問
ACT00220,A016,U001,2025-08-14,T,定例訪問
ACT00221,A016,U001,2025-06-16,T,DC 加入者向けセミナー打ち合わせ
ACT00222,A016,U001,2025-06-21,V,DC 加入者向けセミナー打ち合わせ
ACT00223,A016,U001,2026-02-15,T,DC 加入者向けセミナー打ち合わせ
ACT00224,A016,U001,2026-03-06,O,定例訪問
ACT00225,A016,U001,2025-09-09,T,DC 加入者向けセミナー打ち合わせ
ACT00226,A016,U001,2025-10-24,O,福利厚生制度の見直し相談
ACT00227,A016,U001,2025-09-11,T,福利厚生制度の見直し相談
ACT00228,A016,U001,2025-05-05,V,経営者保障のご提案
ACT00229,A016,U001,2026-02-28,V,企業年金の運用状況報告
ACT00230,A016,U001,2025-08-13,V,福利厚生制度の見直し相談
ACT00231,A017,U003,2025-11-18,T,健康経営の取り組みヒアリング
ACT00232,A017,U003,2025-05-03,O,企業年金の運用状況報告
ACT00233,A017,U003,2026-07-23,O,経営者保障のご提案
ACT00234,A017,U003,2026-06-16,V,健康経営の取り組みヒアリング
ACT00235,A017,U003,2026-07-30,V,DC 加入者向けセミナー打ち合わせ
ACT00236,A017,U003,2025-08-18,V,人的資本開示に関する情報提供
ACT00237,A017,U003,2025-11-29,O,企業年金の運用状況報告
ACT00238,A017,U003,2025-09-27,V,定例訪問
ACT00239,A017,U003,2026-05-24,V,経営者保障のご提案
ACT00240,A017,U003,2025-09-12,V,団体保険の更改提案
ACT00241,A017,U003,2025-07-25,V,DC 加入者向けセミナー打ち合わせ
ACT00242,A017,U003,2025-04-04,O,健康経営の取り組みヒアリング
ACT00243,A017,U003,2025-07-16,T,DC 加入者向けセミナー打ち合わせ
ACT00244,A017,U003,2026-09-01,V,定例訪問
ACT00245,A017,U003,2025-12-18,V,健康経営の取り組みヒアリング
ACT00246,A017,U003,2026-01-15,V,人的資本開示に関する情報提供
ACT00247,A017,U003,2026-01-07,T,経営者保障のご提案
ACT00248,A018,U005,2026-04-03,T,健康経営の取り組みヒアリング
ACT00249,A018,U005,2026-05-13,V,福利厚生制度の見直し相談
ACT00250,A018,U005,2026-03-01,V,企業年金の運用状況報告
ACT00251,A018,U005,2025-05-04,V,経営者保障のご提案
ACT00252,A018,U005,2025-04-15,V,DC 加入者向けセミナー打ち合わせ
ACT00253,A018,U005,2026-06-13,O,福利厚生制度の見直し相談
ACT00254,A018,U005,2025-11-19,V,経営者保障のご提案
ACT00255,A018,U005,2025-09-23,O,定例訪問
ACT00256,A018,U005,2025-10-18,T,定例訪問
ACT00257,A018,U005,2025-04-04,V,定例訪問
ACT00258,A018,U005,2025-05-02,V,人的資本開示に関する情報提供
ACT00259,A018,U005,2026-06-28,T,経営者保障のご提案
ACT00260,A018,U005,2025-05-27,T,人的資本開示に関する情報提供
ACT00261,A018,U005,2026-08-10,V,健康経営の取り組みヒアリング
ACT00262,A018,U005,2026-04-18,V,定例訪問
ACT00263,A018,U005,2025-07-09,T,定例訪問
ACT00264,A018,U005,2025-12-05,T,経営者保障のご提案
ACT00265,A019,U002,2025-06-02,O,経営者保障のご提案
ACT00266,A019,U002,2025-04-20,O,福利厚生制度の見直し相談
ACT00267,A019,U002,2026-09-22,O,人的資本開示に関する情報提供
ACT00268,A019,U002,2025-10-24,T,定例訪問
ACT00269,A019,U002,2026-05-30,T,定例訪問
ACT00270,A019,U002,2026-06-09,O,団体保険の更改提案
ACT00271,A019,U002,2025-09-10,T,定例訪問
ACT00272,A019,U002,2026-01-04,T,団体保険の更改提案
ACT00273,A019,U002,2026-08-05,O,企業年金の運用状況報告
ACT00274,A019,U002,2025-11-26,V,定例訪問
ACT00275,A019,U002,2026-06-04,V,人的資本開示に関する情報提供
ACT00276,A020,U004,2025-12-09,V,人的資本開示に関する情報提供
ACT00277,A020,U004,2025-04-19,O,健康経営の取り組みヒアリング
ACT00278,A020,U004,2026-09-11,V,企業年金の運用状況報告
ACT00279,A020,U004,2025-12-14,V,定例訪問
ACT00280,A020,U004,2025-05-09,V,福利厚生制度の見直し相談
ACT00281,A020,U004,2025-09-09,O,人的資本開示に関する情報提供
ACT00282,A020,U004,2026-02-17,T,DC 加入者向けセミナー打ち合わせ
ACT00283,A020,U004,2026-08-19,V,人的資本開示に関する情報提供
ACT00284,A020,U004,2026-06-12,V,経営者保障のご提案
ACT00285,A020,U004,2025-04-11,V,企業年金の運用状況報告
ACT00286,A020,U004,2026-05-18,V,DC 加入者向けセミナー打ち合わせ
ACT00287,A020,U004,2026-06-10,O,DC 加入者向けセミナー打ち合わせ
ACT00288,A020,U004,2026-05-15,V,企業年金の運用状況報告
ACT00289,A020,U004,2026-05-22,V,DC 加入者向けセミナー打ち合わせ
ACT00290,A020,U004,2025-07-02,O,健康経営の取り組みヒアリング
ACT00291,A020,U004,2026-07-10,V,福利厚生制度の見直し相談
ACT00292,A020,U004,2025-11-14,V,健康経営の取り組みヒアリング
ACT00293,A020,U004,2026-05-21,V,健康経営の取り組みヒアリング
ACT00294,A020,U004,2025-11-23,V,福利厚生制度の見直し相談
