ACCT_ID,ACCT_NM,IND_CD,EMP_CNT,HQ_PREF,BR_CD,OWNER_ID,SEC_CD,HOJIN_NO,LISTED_FLG
A001,トヨタ自動車(株),MFG,72700,愛知県,C01,U006,7203,1180301018771,1
A002,パナソニック ホールディングス(株),MFG,63400,大阪府,K01,U005,6752,5120001158218,1
A003,伊藤忠商事(株),TRD,44500,東京都,T01,U001,8001,4120001077474,1
A004,NTTデータグループ(株),ITC,190000,東京都,T02,U003,9613,9010601021385,1
A005,野村ホールディングス(株),FIN,26000,東京都,T01,U002,8604,1010001009052,1
A006,JERA(株),ENE,5100,東京都,T02,U004,,4010001168312,0
A007,イオン(株),RTL,306000,千葉県,T02,U003,8267,5040001003865,1
A008,住友商事(株),TRD,48200,東京都,T01,U001,8053,3010001008782,1
A009,鹿島建設(株),CON,21800,東京都,T02,U004,1812,6010401005040,1
A010,日本郵船(株),TRN,36000,東京都,T01,U002,9101,4010001034784,1
A011,武田薬品工業(株),MFG,14000,大阪府,K01,U005,4502,1120001077461,1
A012,ANAホールディングス(株),TRN,44000,東京都,T02,U003,9202,1010401025536,1
A013,セブン&アイ・ホールディングス(株),RTL,130000,東京都,T01,U001,3382,2010001109769,1
A014,KDDI(株),ITC,48000,東京都,T01,U002,9433,9011101031552,1
A015,三菱地所(株),RES,10000,東京都,T02,U004,8802,3010001008848,1
A016,日本製鉄(株),MFG,51000,東京都,T01,U001,5401,4010001008772,1
A017,三井住友フィナンシャルグループ(株),FIN,40000,東京都,T02,U003,8316,1010001065327,1
A018,サントリーホールディングス(株),MFG,40000,大阪府,K01,U005,,5120001158143,0
A019,東日本旅客鉄道(株),TRN,70000,東京都,T01,U002,9020,8011001046021,1
A020,旭化成(株),MFG,45000,東京都,T02,U004,3407,9010001033076,1
