CNT_ID,ACCT_ID,PRD_CD,STS_CD,START_DT,END_DT,ANN_PREM,INS_CNT,OWNER_ID
K0001,A001,P01,1,2019-09-24,,207019000,22846,U006
K0002,A001,P06,1,2016-07-01,,202289000,56645,U006
K0003,A001,P04,1,2020-03-15,,215970000,62274,U006
K0004,A002,P01,1,2016-12-03,,136955000,34483,U005
K0005,A003,P01,1,2023-11-20,,160623000,41385,U001
K0006,A003,P03,1,2018-09-24,,153140000,28441,U001
K0007,A004,P03,1,2023-09-16,,518136000,134143,U003
K0008,A005,P06,1,2019-04-20,,26985000,18115,U002
K0009,A005,P04,9,2022-05-20,2024-06-09,26149000,18559,U002
K0010,A006,P03,1,2021-11-05,,18469000,4732,U004
K0011,A007,P01,1,2024-02-02,,891883000,155023,U003
K0012,A008,P04,9,2017-02-13,2025-01-09,134301000,14899,U001
K0013,A008,P06,1,2017-03-25,,45781000,37186,U001
K0014,A009,P03,1,2018-01-20,,70538000,19930,U004
K0015,A010,P04,1,2016-06-25,,118690000,20723,U002
K0016,A010,P01,1,2018-07-04,,108270000,15447,U002
K0017,A010,P06,1,2021-05-31,,111387000,25531,U002
K0018,A011,P06,1,2020-02-28,,60534000,12079,U005
K0019,A011,P01,9,2023-12-03,2024-12-13,23897000,7724,U005
K0020,A011,P04,1,2020-09-07,,15038000,8839,U005
K0021,A012,P03,1,2023-10-16,,168301000,36396,U003
K0022,A012,P06,9,2018-09-12,2025-06-22,153854000,23205,U003
K0023,A013,P01,1,2015-09-10,,526676000,86165,U001
K0024,A013,P06,1,2018-12-24,,468503000,39842,U001
K0025,A014,P01,1,2019-05-10,,88135000,37990,U002
K0026,A015,P05,1,2022-07-06,,32626000,5489,U004
K0027,A016,P06,1,2021-06-18,,181060000,30594,U001
K0028,A016,P05,1,2023-05-15,,224260000,16200,U001
K0029,A017,P01,1,2021-10-05,,141668000,18140,U003
K0030,A018,P04,1,2023-10-07,,162196000,24924,U005
K0031,A018,P05,1,2015-06-02,,83825000,16999,U005
K0032,A019,P03,1,2021-08-15,,205821000,21116,U002
K0033,A019,P01,1,2021-05-23,,200711000,31916,U002
K0034,A020,P06,1,2015-05-15,,87112000,19430,U004
K0035,A020,P05,1,2021-05-04,,169633000,20201,U004
