OPP_ID,ACCT_ID,PRD_CD,STAGE_CD,RANK_FLG,AMT_EST,CRT_DT,CLOSE_DT,OWNER_ID
O0001,A001,P08,30,B,35148,2025-07-02,2026-02-02,U006
O0002,A001,P03,30,A,103966,2025-07-24,2025-11-14,U006
O0003,A002,P08,10,C,70260,2026-08-08,2027-03-24,U005
O0004,A002,P05,99,C,46666,2025-06-23,2026-02-01,U005
O0005,A002,P03,30,A,16411,2026-01-21,2026-04-09,U005
O0006,A003,P07,40,A,48624,2026-08-08,2027-01-31,U001
O0007,A003,P07,30,B,57875,2025-09-24,2026-05-05,U001
O0008,A003,P08,10,C,53037,2026-06-06,2026-12-15,U001
O0009,A004,P02,90,S,73573,2025-09-01,2026-01-29,U003
O0010,A004,P05,90,S,283873,2025-12-31,2026-07-20,U003
O0011,A005,P02,20,C,6079,2025-07-31,2025-11-10,U002
O0012,A005,P02,20,B,39167,2025-10-29,2025-12-10,U002
O0013,A006,P02,30,B,2476,2026-07-19,2026-11-11,U004
O0014,A006,P07,20,C,7020,2026-03-17,2026-06-10,U004
O0015,A006,P03,90,S,1188,2025-05-09,2025-11-29,U004
O0016,A007,P02,40,A,176852,2025-04-02,2025-11-18,U003
O0017,A007,P06,40,S,313970,2025-11-02,2026-06-17,U003
O0018,A007,P08,10,C,432207,2025-12-04,2026-03-03,U003
O0019,A007,P05,30,A,295000,2025-08-05,2025-12-08,U003
O0020,A008,P03,30,A,60304,2025-11-20,2026-04-29,U001
O0021,A008,P08,90,S,26597,2025-08-26,2026-01-08,U001
O0022,A009,P08,10,C,12874,2026-06-21,2026-08-02,U004
O0023,A009,P07,90,S,7850,2026-01-13,2026-08-17,U004
O0024,A009,P02,30,A,31072,2026-07-22,2027-02-28,U004
O0025,A010,P08,30,A,35663,2026-08-23,2027-01-04,U002
O0026,A010,P08,99,C,8351,2025-07-06,2025-10-07,U002
O0027,A010,P01,99,B,22483,2026-05-01,2026-09-03,U002
O0028,A011,P05,20,C,4079,2026-06-03,2026-10-24,U005
O0029,A011,P02,20,C,5490,2025-10-18,2026-01-26,U005
O0030,A011,P03,20,B,3991,2026-01-06,2026-06-19,U005
O0031,A011,P07,40,S,3397,2026-08-15,2026-12-02,U005
O0032,A012,P07,40,S,19420,2026-07-17,2026-11-05,U003
O0033,A012,P07,40,A,61443,2026-01-02,2026-02-20,U003
O0034,A013,P02,10,C,63078,2025-09-15,2026-02-12,U001
O0035,A013,P02,40,A,140688,2025-04-08,2025-08-20,U001
O0036,A013,P02,40,S,52171,2026-01-02,2026-03-14,U001
O0037,A014,P01,40,A,27127,2025-06-08,2025-08-19,U002
O0038,A014,P02,99,B,21197,2025-04-14,2025-06-24,U002
O0039,A015,P02,40,A,13727,2025-09-19,2026-04-27,U004
O0040,A015,P01,40,S,5987,2026-04-13,2026-10-07,U004
O0041,A015,P02,30,A,9129,2026-03-20,2026-11-09,U004
O0042,A016,P07,90,S,22400,2026-07-19,2026-07-28,U001
O0043,A016,P02,20,B,49001,2025-10-10,2026-01-09,U001
O0044,A016,P02,30,B,61389,2025-04-14,2025-05-19,U001
O0045,A017,P08,90,S,58851,2026-07-01,2026-08-30,U003
O0046,A017,P06,40,S,11078,2025-09-28,2025-12-25,U003
O0047,A018,P02,30,A,43402,2025-05-05,2025-10-25,U005
O0048,A018,P08,40,A,9430,2026-06-15,2027-01-09,U005
O0049,A019,P01,20,B,86064,2026-02-17,2026-09-26,U002
O0050,A019,P08,40,A,40931,2026-03-08,2026-04-15,U002
O0051,A019,P02,40,A,42553,2026-08-09,2027-03-12,U002
O0052,A020,P02,40,S,24226,2025-04-13,2025-06-08,U004
O0053,A020,P03,90,S,54208,2026-01-27,2026-06-08,U004
O0054,A020,P06,99,B,22245,2026-01-10,2026-07-21,U004
O0055,A020,P02,90,S,30677,2025-12-23,2026-02-02,U004
